iteration,plc,variable,value,source,direction,kind,timestamp_epoch
1,PLC1,PLC1_J269,0.000000,modbus_poll,response,md,1779946579.256079
1,PLC1,PLC1_J280,0.000000,modbus_poll,response,md,1779946579.256079
1,PLC1,PLC1_PU1F,0.000000,modbus_poll,response,md,1779946579.256079
1,PLC1,PLC1_PU2F,0.000000,modbus_poll,response,md,1779946579.256079
1,PLC2,PLC2_T1,3.000000,modbus_poll,response,md,1779946579.256079
1,PLC3,PLC3_J14,0.000000,modbus_poll,response,md,1779946579.256079
1,PLC3,PLC3_J256,0.000000,modbus_poll,response,md,1779946579.256079
1,PLC3,PLC3_J289,0.000000,modbus_poll,response,md,1779946579.256079
1,PLC3,PLC3_J300,0.000000,modbus_poll,response,md,1779946579.256079
1,PLC3,PLC3_J415,0.000000,modbus_poll,response,md,1779946579.256079
1,PLC3,PLC3_J422,0.000000,modbus_poll,response,md,1779946579.256079
1,PLC3,PLC3_PU4F,0.000000,modbus_poll,response,md,1779946579.256079
1,PLC3,PLC3_PU5F,0.000000,modbus_poll,response,md,1779946579.256079
1,PLC3,PLC3_PU6F,0.000000,modbus_poll,response,md,1779946579.256079
1,PLC3,PLC3_PU7F,0.000000,modbus_poll,response,md,1779946579.256079
1,PLC3,PLC3_T2,0.500000,modbus_poll,response,md,1779946579.256079
1,PLC3,PLC3_V2F,0.000000,modbus_poll,response,md,1779946579.256079
1,PLC4,PLC4_T3,3.000000,modbus_poll,response,md,1779946579.256079
1,PLC4,PLC4_T4,2.500000,modbus_poll,response,md,1779946579.256079
1,PLC5,PLC5_J302,0.000000,modbus_poll,response,md,1779946579.256079
1,PLC5,PLC5_J306,0.000000,modbus_poll,response,md,1779946579.256079
1,PLC5,PLC5_J307,0.000000,modbus_poll,response,md,1779946579.256079
1,PLC5,PLC5_J317,0.000000,modbus_poll,response,md,1779946579.256079
1,PLC5,PLC5_PU10F,0.000000,modbus_poll,response,md,1779946579.256079
1,PLC5,PLC5_PU11F,0.000000,modbus_poll,response,md,1779946579.256079
1,PLC5,PLC5_PU8F,0.000000,modbus_poll,response,md,1779946579.256079
1,PLC7,PLC7_T5,1.000000,modbus_poll,response,md,1779946579.256079
1,PLC8,PLC8_T6,5.200000,modbus_poll,response,md,1779946579.256079
1,PLC9,PLC9_T7,2.500000,modbus_poll,response,md,1779946579.256079
2,PLC1,PLC1_J269,37.935619,modbus_poll,response,md,1779946579.606743
2,PLC1,PLC1_J280,2.977941,modbus_poll,response,md,1779946579.606743
2,PLC1,PLC1_PU1F,90.691360,modbus_poll,response,md,1779946579.606743
2,PLC1,PLC1_PU2F,90.708649,modbus_poll,response,md,1779946579.606743
2,PLC2,PLC2_T1,3.000000,modbus_poll,response,md,1779946579.606743
2,PLC3,PLC3_J14,41.476265,modbus_poll,response,md,1779946579.606743
2,PLC3,PLC3_J256,72.275497,modbus_poll,response,md,1779946579.606743
2,PLC3,PLC3_J289,23.595627,modbus_poll,response,md,1779946579.606743
2,PLC3,PLC3_J300,23.633673,modbus_poll,response,md,1779946579.606743
2,PLC3,PLC3_J415,84.108727,modbus_poll,response,md,1779946579.606743
2,PLC3,PLC3_J422,24.997587,modbus_poll,response,md,1779946579.606743
2,PLC3,PLC3_PU4F,0.000000,modbus_poll,response,md,1779946579.606743
2,PLC3,PLC3_PU5F,0.000000,modbus_poll,response,md,1779946579.606743
2,PLC3,PLC3_PU6F,0.000000,modbus_poll,response,md,1779946579.606743
2,PLC3,PLC3_PU7F,48.330650,modbus_poll,response,md,1779946579.606743
2,PLC3,PLC3_T2,0.500000,modbus_poll,response,md,1779946579.606743
2,PLC3,PLC3_V2F,0.000000,modbus_poll,response,md,1779946579.606743
2,PLC4,PLC4_T3,3.000000,modbus_poll,response,md,1779946579.606743
2,PLC4,PLC4_T4,2.500000,modbus_poll,response,md,1779946579.606743
2,PLC5,PLC5_J302,29.259436,modbus_poll,response,md,1779946579.606743
2,PLC5,PLC5_J306,85.420586,modbus_poll,response,md,1779946579.606743
2,PLC5,PLC5_J307,29.259436,modbus_poll,response,md,1779946579.606743
2,PLC5,PLC5_J317,57.587933,modbus_poll,response,md,1779946579.606743
2,PLC5,PLC5_PU10F,0.000000,modbus_poll,response,md,1779946579.606743
2,PLC5,PLC5_PU11F,0.000000,modbus_poll,response,md,1779946579.606743
2,PLC5,PLC5_PU8F,38.169521,modbus_poll,response,md,1779946579.606743
2,PLC7,PLC7_T5,1.000000,modbus_poll,response,md,1779946579.606743
2,PLC8,PLC8_T6,5.200000,modbus_poll,response,md,1779946579.606743
2,PLC9,PLC9_T7,2.500000,modbus_poll,response,md,1779946579.606743
3,PLC1,PLC1_J269,37.952499,modbus_poll,response,md,1779946579.953705
3,PLC1,PLC1_J280,2.977955,modbus_poll,response,md,1779946579.953705
3,PLC1,PLC1_PU1F,90.659195,modbus_poll,response,md,1779946579.953705
3,PLC1,PLC1_PU2F,90.676476,modbus_poll,response,md,1779946579.953705
3,PLC2,PLC2_T1,3.031908,modbus_poll,response,md,1779946579.953705
3,PLC3,PLC3_J14,41.502846,modbus_poll,response,md,1779946579.953705
3,PLC3,PLC3_J256,72.249565,modbus_poll,response,md,1779946579.953705
3,PLC3,PLC3_J289,23.554607,modbus_poll,response,md,1779946579.953705
3,PLC3,PLC3_J300,23.592619,modbus_poll,response,md,1779946579.953705
3,PLC3,PLC3_J415,84.111633,modbus_poll,response,md,1779946579.953705
3,PLC3,PLC3_J422,24.956375,modbus_poll,response,md,1779946579.953705
3,PLC3,PLC3_PU4F,0.000000,modbus_poll,response,md,1779946579.953705
3,PLC3,PLC3_PU5F,0.000000,modbus_poll,response,md,1779946579.953705
3,PLC3,PLC3_PU6F,0.000000,modbus_poll,response,md,1779946579.953705
3,PLC3,PLC3_PU7F,48.306900,modbus_poll,response,md,1779946579.953705
3,PLC3,PLC3_T2,0.457248,modbus_poll,response,md,1779946579.953705
3,PLC3,PLC3_V2F,0.000000,modbus_poll,response,md,1779946579.953705
3,PLC4,PLC4_T3,2.974067,modbus_poll,response,md,1779946579.953705
3,PLC4,PLC4_T4,2.519461,modbus_poll,response,md,1779946579.953705
3,PLC5,PLC5_J302,29.289812,modbus_poll,response,md,1779946579.953705
3,PLC5,PLC5_J306,85.465294,modbus_poll,response,md,1779946579.953705
3,PLC5,PLC5_J307,29.289812,modbus_poll,response,md,1779946579.953705
3,PLC5,PLC5_J317,57.466404,modbus_poll,response,md,1779946579.953705
3,PLC5,PLC5_PU10F,0.000000,modbus_poll,response,md,1779946579.953705
3,PLC5,PLC5_PU11F,0.000000,modbus_poll,response,md,1779946579.953705
3,PLC5,PLC5_PU8F,38.161995,modbus_poll,response,md,1779946579.953705
3,PLC7,PLC7_T5,1.054207,modbus_poll,response,md,1779946579.953705
3,PLC8,PLC8_T6,5.170017,modbus_poll,response,md,1779946579.953705
3,PLC9,PLC9_T7,2.385116,modbus_poll,response,md,1779946579.953705
4,PLC1,PLC1_J269,35.068378,modbus_poll,response,md,1779946580.299290
4,PLC1,PLC1_J280,2.975443,modbus_poll,response,md,1779946580.299290
4,PLC1,PLC1_PU1F,96.097961,modbus_poll,response,md,1779946580.299290
4,PLC1,PLC1_PU2F,96.116814,modbus_poll,response,md,1779946580.299290
4,PLC2,PLC2_T1,3.063795,modbus_poll,response,md,1779946580.299290
4,PLC3,PLC3_J14,28.418928,modbus_poll,response,md,1779946580.299290
4,PLC3,PLC3_J256,89.188637,modbus_poll,response,md,1779946580.299290
4,PLC3,PLC3_J289,25.379654,modbus_poll,response,md,1779946580.299290
4,PLC3,PLC3_J300,25.318213,modbus_poll,response,md,1779946580.299290
4,PLC3,PLC3_J415,84.624886,modbus_poll,response,md,1779946580.299290
4,PLC3,PLC3_J422,27.518927,modbus_poll,response,md,1779946580.299290
4,PLC3,PLC3_PU4F,33.948795,modbus_poll,response,md,1779946580.299290
4,PLC3,PLC3_PU5F,0.000000,modbus_poll,response,md,1779946580.299290
4,PLC3,PLC3_PU6F,0.000000,modbus_poll,response,md,1779946580.299290
4,PLC3,PLC3_PU7F,49.008507,modbus_poll,response,md,1779946580.299290
4,PLC3,PLC3_T2,0.414517,modbus_poll,response,md,1779946580.299290
4,PLC3,PLC3_V2F,107.354805,modbus_poll,response,md,1779946580.299290
4,PLC4,PLC4_T3,2.948135,modbus_poll,response,md,1779946580.299290
4,PLC4,PLC4_T4,2.538855,modbus_poll,response,md,1779946580.299290
4,PLC5,PLC5_J302,27.133043,modbus_poll,response,md,1779946580.299290
4,PLC5,PLC5_J306,84.636948,modbus_poll,response,md,1779946580.299290
4,PLC5,PLC5_J307,27.133043,modbus_poll,response,md,1779946580.299290
4,PLC5,PLC5_J317,57.393845,modbus_poll,response,md,1779946580.299290
4,PLC5,PLC5_PU10F,0.000000,modbus_poll,response,md,1779946580.299290
4,PLC5,PLC5_PU11F,0.000000,modbus_poll,response,md,1779946580.299290
4,PLC5,PLC5_PU8F,37.456863,modbus_poll,response,md,1779946580.299290
4,PLC7,PLC7_T5,1.108393,modbus_poll,response,md,1779946580.299290
4,PLC8,PLC8_T6,5.139771,modbus_poll,response,md,1779946580.299290
4,PLC9,PLC9_T7,2.267910,modbus_poll,response,md,1779946580.299290
5,PLC1,PLC1_J269,35.066986,modbus_poll,response,md,1779946580.645293
5,PLC1,PLC1_J280,2.975442,modbus_poll,response,md,1779946580.645293
5,PLC1,PLC1_PU1F,96.100555,modbus_poll,response,md,1779946580.645293
5,PLC1,PLC1_PU2F,96.119408,modbus_poll,response,md,1779946580.645293
5,PLC2,PLC2_T1,3.058341,modbus_poll,response,md,1779946580.645293
5,PLC3,PLC3_J14,28.435211,modbus_poll,response,md,1779946580.645293
5,PLC3,PLC3_J256,89.221596,modbus_poll,response,md,1779946580.645293
5,PLC3,PLC3_J289,25.397039,modbus_poll,response,md,1779946580.645293
5,PLC3,PLC3_J300,25.335646,modbus_poll,response,md,1779946580.645293
5,PLC3,PLC3_J415,84.645172,modbus_poll,response,md,1779946580.645293
5,PLC3,PLC3_J422,27.535210,modbus_poll,response,md,1779946580.645293
5,PLC3,PLC3_PU4F,33.939262,modbus_poll,response,md,1779946580.645293
5,PLC3,PLC3_PU5F,0.000000,modbus_poll,response,md,1779946580.645293
5,PLC3,PLC3_PU6F,0.000000,modbus_poll,response,md,1779946580.645293
5,PLC3,PLC3_PU7F,49.006969,modbus_poll,response,md,1779946580.645293
5,PLC3,PLC3_T2,0.436098,modbus_poll,response,md,1779946580.645293
5,PLC3,PLC3_V2F,107.224495,modbus_poll,response,md,1779946580.645293
5,PLC4,PLC4_T3,2.990989,modbus_poll,response,md,1779946580.645293
5,PLC4,PLC4_T4,2.560227,modbus_poll,response,md,1779946580.645293
5,PLC5,PLC5_J302,27.131771,modbus_poll,response,md,1779946580.645293
5,PLC5,PLC5_J306,84.667839,modbus_poll,response,md,1779946580.645293
5,PLC5,PLC5_J307,27.131771,modbus_poll,response,md,1779946580.645293
5,PLC5,PLC5_J317,57.271820,modbus_poll,response,md,1779946580.645293
5,PLC5,PLC5_PU10F,0.000000,modbus_poll,response,md,1779946580.645293
5,PLC5,PLC5_PU11F,0.000000,modbus_poll,response,md,1779946580.645293
5,PLC5,PLC5_PU8F,37.439606,modbus_poll,response,md,1779946580.645293
5,PLC7,PLC7_T5,1.160674,modbus_poll,response,md,1779946580.645293
5,PLC8,PLC8_T6,5.109406,modbus_poll,response,md,1779946580.645293
5,PLC9,PLC9_T7,2.153607,modbus_poll,response,md,1779946580.645293
6,PLC1,PLC1_J269,35.065624,modbus_poll,response,md,1779946580.989451
6,PLC1,PLC1_J280,2.975441,modbus_poll,response,md,1779946580.989451
6,PLC1,PLC1_PU1F,96.103096,modbus_poll,response,md,1779946580.989451
6,PLC1,PLC1_PU2F,96.121948,modbus_poll,response,md,1779946580.989451
6,PLC2,PLC2_T1,3.052947,modbus_poll,response,md,1779946580.989451
6,PLC3,PLC3_J14,28.451431,modbus_poll,response,md,1779946580.989451
6,PLC3,PLC3_J256,89.254501,modbus_poll,response,md,1779946580.989451
6,PLC3,PLC3_J289,25.414354,modbus_poll,response,md,1779946580.989451
6,PLC3,PLC3_J300,25.353010,modbus_poll,response,md,1779946580.989451
6,PLC3,PLC3_J415,84.665436,modbus_poll,response,md,1779946580.989451
6,PLC3,PLC3_J422,27.551430,modbus_poll,response,md,1779946580.989451
6,PLC3,PLC3_PU4F,33.929867,modbus_poll,response,md,1779946580.989451
6,PLC3,PLC3_PU5F,0.000000,modbus_poll,response,md,1779946580.989451
6,PLC3,PLC3_PU6F,0.000000,modbus_poll,response,md,1779946580.989451
6,PLC3,PLC3_PU7F,49.005413,modbus_poll,response,md,1779946580.989451
6,PLC3,PLC3_T2,0.457574,modbus_poll,response,md,1779946580.989451
6,PLC3,PLC3_V2F,107.094688,modbus_poll,response,md,1779946580.989451
6,PLC4,PLC4_T3,3.033825,modbus_poll,response,md,1779946580.989451
6,PLC4,PLC4_T4,2.581595,modbus_poll,response,md,1779946580.989451
6,PLC5,PLC5_J302,27.130529,modbus_poll,response,md,1779946580.989451
6,PLC5,PLC5_J306,84.698708,modbus_poll,response,md,1779946580.989451
6,PLC5,PLC5_J307,27.130529,modbus_poll,response,md,1779946580.989451
6,PLC5,PLC5_J317,57.173294,modbus_poll,response,md,1779946580.989451
6,PLC5,PLC5_PU10F,0.000000,modbus_poll,response,md,1779946580.989451
6,PLC5,PLC5_PU11F,0.000000,modbus_poll,response,md,1779946580.989451
6,PLC5,PLC5_PU8F,37.422363,modbus_poll,response,md,1779946580.989451
6,PLC7,PLC7_T5,1.212909,modbus_poll,response,md,1779946580.989451
6,PLC8,PLC8_T6,5.078782,modbus_poll,response,md,1779946580.989451
6,PLC9,PLC9_T7,2.036917,modbus_poll,response,md,1779946580.989451
7,PLC1,PLC1_J269,35.064281,modbus_poll,response,md,1779946581.336117
7,PLC1,PLC1_J280,2.975440,modbus_poll,response,md,1779946581.336117
7,PLC1,PLC1_PU1F,96.105606,modbus_poll,response,md,1779946581.336117
7,PLC1,PLC1_PU2F,96.124458,modbus_poll,response,md,1779946581.336117
7,PLC2,PLC2_T1,3.047612,modbus_poll,response,md,1779946581.336117
7,PLC3,PLC3_J14,28.467590,modbus_poll,response,md,1779946581.336117
7,PLC3,PLC3_J256,89.287376,modbus_poll,response,md,1779946581.336117
7,PLC3,PLC3_J289,25.431604,modbus_poll,response,md,1779946581.336117
7,PLC3,PLC3_J300,25.370310,modbus_poll,response,md,1779946581.336117
7,PLC3,PLC3_J415,84.685677,modbus_poll,response,md,1779946581.336117
7,PLC3,PLC3_J422,27.567589,modbus_poll,response,md,1779946581.336117
7,PLC3,PLC3_PU4F,33.920452,modbus_poll,response,md,1779946581.336117
7,PLC3,PLC3_PU5F,0.000000,modbus_poll,response,md,1779946581.336117
7,PLC3,PLC3_PU6F,0.000000,modbus_poll,response,md,1779946581.336117
7,PLC3,PLC3_PU7F,49.003830,modbus_poll,response,md,1779946581.336117
7,PLC3,PLC3_T2,0.478946,modbus_poll,response,md,1779946581.336117
7,PLC3,PLC3_V2F,106.965439,modbus_poll,response,md,1779946581.336117
7,PLC4,PLC4_T3,3.076641,modbus_poll,response,md,1779946581.336117
7,PLC4,PLC4_T4,2.602958,modbus_poll,response,md,1779946581.336117
7,PLC5,PLC5_J302,27.129326,modbus_poll,response,md,1779946581.336117
7,PLC5,PLC5_J306,84.729568,modbus_poll,response,md,1779946581.336117
7,PLC5,PLC5_J307,27.129326,modbus_poll,response,md,1779946581.336117
7,PLC5,PLC5_J317,57.075008,modbus_poll,response,md,1779946581.336117
7,PLC5,PLC5_PU10F,0.000000,modbus_poll,response,md,1779946581.336117
7,PLC5,PLC5_PU11F,0.000000,modbus_poll,response,md,1779946581.336117
7,PLC5,PLC5_PU8F,37.405136,modbus_poll,response,md,1779946581.336117
7,PLC7,PLC7_T5,1.265097,modbus_poll,response,md,1779946581.336117
7,PLC8,PLC8_T6,5.047967,modbus_poll,response,md,1779946581.336117
7,PLC9,PLC9_T7,1.920486,modbus_poll,response,md,1779946581.336117
8,PLC1,PLC1_J269,35.062962,modbus_poll,response,md,1779946581.683961
8,PLC1,PLC1_J280,2.975439,modbus_poll,response,md,1779946581.683961
8,PLC1,PLC1_PU1F,96.108070,modbus_poll,response,md,1779946581.683961
8,PLC1,PLC1_PU2F,96.126923,modbus_poll,response,md,1779946581.683961
8,PLC2,PLC2_T1,3.042337,modbus_poll,response,md,1779946581.683961
8,PLC3,PLC3_J14,28.483690,modbus_poll,response,md,1779946581.683961
8,PLC3,PLC3_J256,89.320206,modbus_poll,response,md,1779946581.683961
8,PLC3,PLC3_J289,25.448790,modbus_poll,response,md,1779946581.683961
8,PLC3,PLC3_J300,25.387545,modbus_poll,response,md,1779946581.683961
8,PLC3,PLC3_J415,84.705894,modbus_poll,response,md,1779946581.683961
8,PLC3,PLC3_J422,27.583689,modbus_poll,response,md,1779946581.683961
8,PLC3,PLC3_PU4F,33.911015,modbus_poll,response,md,1779946581.683961
8,PLC3,PLC3_PU5F,0.000000,modbus_poll,response,md,1779946581.683961
8,PLC3,PLC3_PU6F,0.000000,modbus_poll,response,md,1779946581.683961
8,PLC3,PLC3_PU7F,49.002228,modbus_poll,response,md,1779946581.683961
8,PLC3,PLC3_T2,0.500212,modbus_poll,response,md,1779946581.683961
8,PLC3,PLC3_V2F,106.836746,modbus_poll,response,md,1779946581.683961
8,PLC4,PLC4_T3,3.119438,modbus_poll,response,md,1779946581.683961
8,PLC4,PLC4_T4,2.624317,modbus_poll,response,md,1779946581.683961
8,PLC5,PLC5_J302,27.128159,modbus_poll,response,md,1779946581.683961
8,PLC5,PLC5_J306,84.760406,modbus_poll,response,md,1779946581.683961
8,PLC5,PLC5_J307,27.128159,modbus_poll,response,md,1779946581.683961
8,PLC5,PLC5_J317,56.976746,modbus_poll,response,md,1779946581.683961
8,PLC5,PLC5_PU10F,0.000000,modbus_poll,response,md,1779946581.683961
8,PLC5,PLC5_PU11F,0.000000,modbus_poll,response,md,1779946581.683961
8,PLC5,PLC5_PU8F,37.387932,modbus_poll,response,md,1779946581.683961
8,PLC7,PLC7_T5,1.317238,modbus_poll,response,md,1779946581.683961
8,PLC8,PLC8_T6,5.016964,modbus_poll,response,md,1779946581.683961
8,PLC9,PLC9_T7,1.804311,modbus_poll,response,md,1779946581.683961
9,PLC1,PLC1_J269,35.061661,modbus_poll,response,md,1779946582.031665
9,PLC1,PLC1_J280,2.975437,modbus_poll,response,md,1779946582.031665
9,PLC1,PLC1_PU1F,96.110497,modbus_poll,response,md,1779946582.031665
9,PLC1,PLC1_PU2F,96.129349,modbus_poll,response,md,1779946582.031665
9,PLC2,PLC2_T1,3.037120,modbus_poll,response,md,1779946582.031665
9,PLC3,PLC3_J14,28.499729,modbus_poll,response,md,1779946582.031665
9,PLC3,PLC3_J256,89.353004,modbus_poll,response,md,1779946582.031665
9,PLC3,PLC3_J289,25.465910,modbus_poll,response,md,1779946582.031665
9,PLC3,PLC3_J300,25.404715,modbus_poll,response,md,1779946582.031665
9,PLC3,PLC3_J415,84.726089,modbus_poll,response,md,1779946582.031665
9,PLC3,PLC3_J422,27.599728,modbus_poll,response,md,1779946582.031665
9,PLC3,PLC3_PU4F,33.901558,modbus_poll,response,md,1779946582.031665
9,PLC3,PLC3_PU5F,0.000000,modbus_poll,response,md,1779946582.031665
9,PLC3,PLC3_PU6F,0.000000,modbus_poll,response,md,1779946582.031665
9,PLC3,PLC3_PU7F,49.000599,modbus_poll,response,md,1779946582.031665
9,PLC3,PLC3_T2,0.521374,modbus_poll,response,md,1779946582.031665
9,PLC3,PLC3_V2F,106.708603,modbus_poll,response,md,1779946582.031665
9,PLC4,PLC4_T3,3.162216,modbus_poll,response,md,1779946582.031665
9,PLC4,PLC4_T4,2.645671,modbus_poll,response,md,1779946582.031665
9,PLC5,PLC5_J302,27.127026,modbus_poll,response,md,1779946582.031665
9,PLC5,PLC5_J306,84.791237,modbus_poll,response,md,1779946582.031665
9,PLC5,PLC5_J307,27.127026,modbus_poll,response,md,1779946582.031665
9,PLC5,PLC5_J317,56.878510,modbus_poll,response,md,1779946582.031665
9,PLC5,PLC5_PU10F,0.000000,modbus_poll,response,md,1779946582.031665
9,PLC5,PLC5_PU11F,0.000000,modbus_poll,response,md,1779946582.031665
9,PLC5,PLC5_PU8F,37.370739,modbus_poll,response,md,1779946582.031665
9,PLC7,PLC7_T5,1.369333,modbus_poll,response,md,1779946582.031665
9,PLC8,PLC8_T6,4.985775,modbus_poll,response,md,1779946582.031665
9,PLC9,PLC9_T7,1.688390,modbus_poll,response,md,1779946582.031665
10,PLC1,PLC1_J269,35.060390,modbus_poll,response,md,1779946582.372691
10,PLC1,PLC1_J280,2.975436,modbus_poll,response,md,1779946582.372691
10,PLC1,PLC1_PU1F,96.112869,modbus_poll,response,md,1779946582.372691
10,PLC1,PLC1_PU2F,96.131721,modbus_poll,response,md,1779946582.372691
10,PLC2,PLC2_T1,3.031962,modbus_poll,response,md,1779946582.372691
10,PLC3,PLC3_J14,28.515709,modbus_poll,response,md,1779946582.372691
10,PLC3,PLC3_J256,89.385765,modbus_poll,response,md,1779946582.372691
10,PLC3,PLC3_J289,25.482967,modbus_poll,response,md,1779946582.372691
10,PLC3,PLC3_J300,25.421820,modbus_poll,response,md,1779946582.372691
10,PLC3,PLC3_J415,84.746269,modbus_poll,response,md,1779946582.372691
10,PLC3,PLC3_J422,27.615707,modbus_poll,response,md,1779946582.372691
10,PLC3,PLC3_PU4F,33.892082,modbus_poll,response,md,1779946582.372691
10,PLC3,PLC3_PU5F,0.000000,modbus_poll,response,md,1779946582.372691
10,PLC3,PLC3_PU6F,0.000000,modbus_poll,response,md,1779946582.372691
10,PLC3,PLC3_PU7F,48.998951,modbus_poll,response,md,1779946582.372691
10,PLC3,PLC3_T2,0.542433,modbus_poll,response,md,1779946582.372691
10,PLC3,PLC3_V2F,106.581017,modbus_poll,response,md,1779946582.372691
10,PLC4,PLC4_T3,3.204975,modbus_poll,response,md,1779946582.372691
10,PLC4,PLC4_T4,2.667021,modbus_poll,response,md,1779946582.372691
10,PLC5,PLC5_J302,27.125931,modbus_poll,response,md,1779946582.372691
10,PLC5,PLC5_J306,84.822052,modbus_poll,response,md,1779946582.372691
10,PLC5,PLC5_J307,27.125931,modbus_poll,response,md,1779946582.372691
10,PLC5,PLC5_J317,56.780304,modbus_poll,response,md,1779946582.372691
10,PLC5,PLC5_PU10F,0.000000,modbus_poll,response,md,1779946582.372691
10,PLC5,PLC5_PU11F,0.000000,modbus_poll,response,md,1779946582.372691
10,PLC5,PLC5_PU8F,37.353569,modbus_poll,response,md,1779946582.372691
10,PLC7,PLC7_T5,1.421382,modbus_poll,response,md,1779946582.372691
10,PLC8,PLC8_T6,4.954400,modbus_poll,response,md,1779946582.372691
10,PLC9,PLC9_T7,1.572721,modbus_poll,response,md,1779946582.372691
11,PLC1,PLC1_J269,35.059135,modbus_poll,response,md,1779946582.720638
11,PLC1,PLC1_J280,2.975435,modbus_poll,response,md,1779946582.720638
11,PLC1,PLC1_PU1F,96.115204,modbus_poll,response,md,1779946582.720638
11,PLC1,PLC1_PU2F,96.134064,modbus_poll,response,md,1779946582.720638
11,PLC2,PLC2_T1,3.026862,modbus_poll,response,md,1779946582.720638
11,PLC3,PLC3_J14,28.531628,modbus_poll,response,md,1779946582.720638
11,PLC3,PLC3_J256,89.418495,modbus_poll,response,md,1779946582.720638
11,PLC3,PLC3_J289,25.499958,modbus_poll,response,md,1779946582.720638
11,PLC3,PLC3_J300,25.438862,modbus_poll,response,md,1779946582.720638
11,PLC3,PLC3_J415,84.766411,modbus_poll,response,md,1779946582.720638
11,PLC3,PLC3_J422,27.631626,modbus_poll,response,md,1779946582.720638
11,PLC3,PLC3_PU4F,33.882584,modbus_poll,response,md,1779946582.720638
11,PLC3,PLC3_PU5F,0.000000,modbus_poll,response,md,1779946582.720638
11,PLC3,PLC3_PU6F,0.000000,modbus_poll,response,md,1779946582.720638
11,PLC3,PLC3_PU7F,48.997284,modbus_poll,response,md,1779946582.720638
11,PLC3,PLC3_T2,0.563389,modbus_poll,response,md,1779946582.720638
11,PLC3,PLC3_V2F,106.453995,modbus_poll,response,md,1779946582.720638
11,PLC4,PLC4_T3,3.247715,modbus_poll,response,md,1779946582.720638
11,PLC4,PLC4_T4,2.688366,modbus_poll,response,md,1779946582.720638
11,PLC5,PLC5_J302,27.124872,modbus_poll,response,md,1779946582.720638
11,PLC5,PLC5_J306,84.852859,modbus_poll,response,md,1779946582.720638
11,PLC5,PLC5_J307,27.124872,modbus_poll,response,md,1779946582.720638
11,PLC5,PLC5_J317,56.682133,modbus_poll,response,md,1779946582.720638
11,PLC5,PLC5_PU10F,0.000000,modbus_poll,response,md,1779946582.720638
11,PLC5,PLC5_PU11F,0.000000,modbus_poll,response,md,1779946582.720638
11,PLC5,PLC5_PU8F,37.336414,modbus_poll,response,md,1779946582.720638
11,PLC7,PLC7_T5,1.473384,modbus_poll,response,md,1779946582.720638
11,PLC8,PLC8_T6,4.922842,modbus_poll,response,md,1779946582.720638
11,PLC9,PLC9_T7,1.457302,modbus_poll,response,md,1779946582.720638
12,PLC1,PLC1_J269,34.823009,modbus_poll,response,md,1779946583.066290
12,PLC1,PLC1_J280,2.975226,modbus_poll,response,md,1779946583.066290
12,PLC1,PLC1_PU1F,96.555534,modbus_poll,response,md,1779946583.066290
12,PLC1,PLC1_PU2F,96.574524,modbus_poll,response,md,1779946583.066290
12,PLC2,PLC2_T1,3.021820,modbus_poll,response,md,1779946583.066290
12,PLC3,PLC3_J14,28.462738,modbus_poll,response,md,1779946583.066290
12,PLC3,PLC3_J256,89.424500,modbus_poll,response,md,1779946583.066290
12,PLC3,PLC3_J289,25.448317,modbus_poll,response,md,1779946583.066290
12,PLC3,PLC3_J300,25.387369,modbus_poll,response,md,1779946583.066290
12,PLC3,PLC3_J415,84.767822,modbus_poll,response,md,1779946583.066290
12,PLC3,PLC3_J422,27.562737,modbus_poll,response,md,1779946583.066290
12,PLC3,PLC3_PU4F,33.847740,modbus_poll,response,md,1779946583.066290
12,PLC3,PLC3_PU5F,0.000000,modbus_poll,response,md,1779946583.066290
12,PLC3,PLC3_PU6F,0.000000,modbus_poll,response,md,1779946583.066290
12,PLC3,PLC3_PU7F,48.969208,modbus_poll,response,md,1779946583.066290
12,PLC3,PLC3_T2,0.584243,modbus_poll,response,md,1779946583.066290
12,PLC3,PLC3_V2F,104.224861,modbus_poll,response,md,1779946583.066290
12,PLC4,PLC4_T3,3.290435,modbus_poll,response,md,1779946583.066290
12,PLC4,PLC4_T4,2.709706,modbus_poll,response,md,1779946583.066290
12,PLC5,PLC5_J302,20.909052,modbus_poll,response,md,1779946583.066290
12,PLC5,PLC5_J306,82.420723,modbus_poll,response,md,1779946583.066290
12,PLC5,PLC5_J307,20.796837,modbus_poll,response,md,1779946583.066290
12,PLC5,PLC5_J317,67.983963,modbus_poll,response,md,1779946583.066290
12,PLC5,PLC5_PU10F,30.858301,modbus_poll,response,md,1779946583.066290
12,PLC5,PLC5_PU11F,0.000000,modbus_poll,response,md,1779946583.066290
12,PLC5,PLC5_PU8F,35.267242,modbus_poll,response,md,1779946583.066290
12,PLC7,PLC7_T5,1.525340,modbus_poll,response,md,1779946583.066290
12,PLC8,PLC8_T6,4.891101,modbus_poll,response,md,1779946583.066290
12,PLC9,PLC9_T7,1.342131,modbus_poll,response,md,1779946583.066290
13,PLC1,PLC1_J269,35.123379,modbus_poll,response,md,1779946583.410789
13,PLC1,PLC1_J280,2.975492,modbus_poll,response,md,1779946583.410789
13,PLC1,PLC1_PU1F,95.995285,modbus_poll,response,md,1779946583.410789
13,PLC1,PLC1_PU2F,96.014107,modbus_poll,response,md,1779946583.410789
13,PLC2,PLC2_T1,3.006767,modbus_poll,response,md,1779946583.410789
13,PLC3,PLC3_J14,28.585480,modbus_poll,response,md,1779946583.410789
13,PLC3,PLC3_J256,90.296326,modbus_poll,response,md,1779946583.410789
13,PLC3,PLC3_J289,25.576424,modbus_poll,response,md,1779946583.410789
13,PLC3,PLC3_J300,25.516617,modbus_poll,response,md,1779946583.410789
13,PLC3,PLC3_J415,86.583046,modbus_poll,response,md,1779946583.410789
13,PLC3,PLC3_J422,27.685478,modbus_poll,response,md,1779946583.410789
13,PLC3,PLC3_PU4F,33.394020,modbus_poll,response,md,1779946583.410789
13,PLC3,PLC3_PU5F,0.000000,modbus_poll,response,md,1779946583.410789
13,PLC3,PLC3_PU6F,0.000000,modbus_poll,response,md,1779946583.410789
13,PLC3,PLC3_PU7F,48.062653,modbus_poll,response,md,1779946583.410789
13,PLC3,PLC3_T2,0.603180,modbus_poll,response,md,1779946583.410789
13,PLC3,PLC3_V2F,105.604507,modbus_poll,response,md,1779946583.410789
13,PLC4,PLC4_T3,3.333085,modbus_poll,response,md,1779946583.410789
13,PLC4,PLC4_T4,2.730967,modbus_poll,response,md,1779946583.410789
13,PLC5,PLC5_J302,21.302595,modbus_poll,response,md,1779946583.410789
13,PLC5,PLC5_J306,83.230438,modbus_poll,response,md,1779946583.410789
13,PLC5,PLC5_J307,21.191362,modbus_poll,response,md,1779946583.410789
13,PLC5,PLC5_J317,68.865883,modbus_poll,response,md,1779946583.410789
13,PLC5,PLC5_PU10F,30.711927,modbus_poll,response,md,1779946583.410789
13,PLC5,PLC5_PU11F,0.000000,modbus_poll,response,md,1779946583.410789
13,PLC5,PLC5_PU8F,35.026688,modbus_poll,response,md,1779946583.410789
13,PLC7,PLC7_T5,1.571705,modbus_poll,response,md,1779946583.410789
13,PLC8,PLC8_T6,4.911776,modbus_poll,response,md,1779946583.410789
13,PLC9,PLC9_T7,1.389577,modbus_poll,response,md,1779946583.410789
14,PLC1,PLC1_J269,35.119915,modbus_poll,response,md,1779946583.750737
14,PLC1,PLC1_J280,2.975489,modbus_poll,response,md,1779946583.750737
14,PLC1,PLC1_PU1F,96.001747,modbus_poll,response,md,1779946583.750737
14,PLC1,PLC1_PU2F,96.020569,modbus_poll,response,md,1779946583.750737
14,PLC2,PLC2_T1,2.995282,modbus_poll,response,md,1779946583.750737
14,PLC3,PLC3_J14,28.601049,modbus_poll,response,md,1779946583.750737
14,PLC3,PLC3_J256,90.329941,modbus_poll,response,md,1779946583.750737
14,PLC3,PLC3_J289,25.593382,modbus_poll,response,md,1779946583.750737
14,PLC3,PLC3_J300,25.533611,modbus_poll,response,md,1779946583.750737
14,PLC3,PLC3_J415,86.622902,modbus_poll,response,md,1779946583.750737
14,PLC3,PLC3_J422,27.701048,modbus_poll,response,md,1779946583.750737
14,PLC3,PLC3_PU4F,33.383781,modbus_poll,response,md,1779946583.750737
14,PLC3,PLC3_PU5F,0.000000,modbus_poll,response,md,1779946583.750737
14,PLC3,PLC3_PU6F,0.000000,modbus_poll,response,md,1779946583.750737
14,PLC3,PLC3_PU7F,48.050163,modbus_poll,response,md,1779946583.750737
14,PLC3,PLC3_T2,0.624541,modbus_poll,response,md,1779946583.750737
14,PLC3,PLC3_V2F,105.452072,modbus_poll,response,md,1779946583.750737
14,PLC4,PLC4_T3,3.377822,modbus_poll,response,md,1779946583.750737
14,PLC4,PLC4_T4,2.780732,modbus_poll,response,md,1779946583.750737
14,PLC5,PLC5_J302,21.301689,modbus_poll,response,md,1779946583.750737
14,PLC5,PLC5_J306,83.262169,modbus_poll,response,md,1779946583.750737
14,PLC5,PLC5_J307,21.190523,modbus_poll,response,md,1779946583.750737
14,PLC5,PLC5_J317,68.898384,modbus_poll,response,md,1779946583.750737
14,PLC5,PLC5_PU10F,30.701885,modbus_poll,response,md,1779946583.750737
14,PLC5,PLC5_PU11F,0.000000,modbus_poll,response,md,1779946583.750737
14,PLC5,PLC5_PU8F,35.007751,modbus_poll,response,md,1779946583.750737
14,PLC7,PLC7_T5,1.626053,modbus_poll,response,md,1779946583.750737
14,PLC8,PLC8_T6,4.936236,modbus_poll,response,md,1779946583.750737
14,PLC9,PLC9_T7,1.453211,modbus_poll,response,md,1779946583.750737
15,PLC1,PLC1_J269,35.116497,modbus_poll,response,md,1779946584.097764
15,PLC1,PLC1_J280,2.975486,modbus_poll,response,md,1779946584.097764
15,PLC1,PLC1_PU1F,96.008133,modbus_poll,response,md,1779946584.097764
15,PLC1,PLC1_PU2F,96.026962,modbus_poll,response,md,1779946584.097764
15,PLC2,PLC2_T1,2.983874,modbus_poll,response,md,1779946584.097764
15,PLC3,PLC3_J14,28.616566,modbus_poll,response,md,1779946584.097764
15,PLC3,PLC3_J256,90.363525,modbus_poll,response,md,1779946584.097764
15,PLC3,PLC3_J289,25.610279,modbus_poll,response,md,1779946584.097764
15,PLC3,PLC3_J300,25.550547,modbus_poll,response,md,1779946584.097764
15,PLC3,PLC3_J415,86.662682,modbus_poll,response,md,1779946584.097764
15,PLC3,PLC3_J422,27.716564,modbus_poll,response,md,1779946584.097764
15,PLC3,PLC3_PU4F,33.373524,modbus_poll,response,md,1779946584.097764
15,PLC3,PLC3_PU5F,0.000000,modbus_poll,response,md,1779946584.097764
15,PLC3,PLC3_PU6F,0.000000,modbus_poll,response,md,1779946584.097764
15,PLC3,PLC3_PU7F,48.037678,modbus_poll,response,md,1779946584.097764
15,PLC3,PLC3_T2,0.645787,modbus_poll,response,md,1779946584.097764
15,PLC3,PLC3_V2F,105.300255,modbus_poll,response,md,1779946584.097764
15,PLC4,PLC4_T3,3.422538,modbus_poll,response,md,1779946584.097764
15,PLC4,PLC4_T4,2.830461,modbus_poll,response,md,1779946584.097764
15,PLC5,PLC5_J302,21.301336,modbus_poll,response,md,1779946584.097764
15,PLC5,PLC5_J306,83.294090,modbus_poll,response,md,1779946584.097764
15,PLC5,PLC5_J307,21.190252,modbus_poll,response,md,1779946584.097764
15,PLC5,PLC5_J317,68.938667,modbus_poll,response,md,1779946584.097764
15,PLC5,PLC5_PU10F,30.689665,modbus_poll,response,md,1779946584.097764
15,PLC5,PLC5_PU11F,0.000000,modbus_poll,response,md,1779946584.097764
15,PLC5,PLC5_PU8F,34.989002,modbus_poll,response,md,1779946584.097764
15,PLC7,PLC7_T5,1.680350,modbus_poll,response,md,1779946584.097764
15,PLC8,PLC8_T6,4.960720,modbus_poll,response,md,1779946584.097764
15,PLC9,PLC9_T7,1.514478,modbus_poll,response,md,1779946584.097764
16,PLC1,PLC1_J269,35.113098,modbus_poll,response,md,1779946584.439321
16,PLC1,PLC1_J280,2.975483,modbus_poll,response,md,1779946584.439321
16,PLC1,PLC1_PU1F,96.014473,modbus_poll,response,md,1779946584.439321
16,PLC1,PLC1_PU2F,96.033302,modbus_poll,response,md,1779946584.439321
16,PLC2,PLC2_T1,2.972542,modbus_poll,response,md,1779946584.439321
16,PLC3,PLC3_J14,28.632017,modbus_poll,response,md,1779946584.439321
16,PLC3,PLC3_J256,90.397072,modbus_poll,response,md,1779946584.439321
16,PLC3,PLC3_J289,25.627108,modbus_poll,response,md,1779946584.439321
16,PLC3,PLC3_J300,25.567411,modbus_poll,response,md,1779946584.439321
16,PLC3,PLC3_J415,86.702446,modbus_poll,response,md,1779946584.439321
16,PLC3,PLC3_J422,27.732016,modbus_poll,response,md,1779946584.439321
16,PLC3,PLC3_PU4F,33.363243,modbus_poll,response,md,1779946584.439321
16,PLC3,PLC3_PU5F,0.000000,modbus_poll,response,md,1779946584.439321
16,PLC3,PLC3_PU6F,0.000000,modbus_poll,response,md,1779946584.439321
16,PLC3,PLC3_PU7F,48.025150,modbus_poll,response,md,1779946584.439321
16,PLC3,PLC3_T2,0.666919,modbus_poll,response,md,1779946584.439321
16,PLC3,PLC3_V2F,105.149010,modbus_poll,response,md,1779946584.439321
16,PLC4,PLC4_T3,3.467233,modbus_poll,response,md,1779946584.439321
16,PLC4,PLC4_T4,2.880154,modbus_poll,response,md,1779946584.439321
16,PLC5,PLC5_J302,21.301010,modbus_poll,response,md,1779946584.439321
16,PLC5,PLC5_J306,83.325996,modbus_poll,response,md,1779946584.439321
16,PLC5,PLC5_J307,21.190008,modbus_poll,response,md,1779946584.439321
16,PLC5,PLC5_J317,68.978775,modbus_poll,response,md,1779946584.439321
16,PLC5,PLC5_PU10F,30.677496,modbus_poll,response,md,1779946584.439321
16,PLC5,PLC5_PU11F,0.000000,modbus_poll,response,md,1779946584.439321
16,PLC5,PLC5_PU8F,34.970268,modbus_poll,response,md,1779946584.439321
16,PLC7,PLC7_T5,1.734596,modbus_poll,response,md,1779946584.439321
16,PLC8,PLC8_T6,4.985247,modbus_poll,response,md,1779946584.439321
16,PLC9,PLC9_T7,1.575594,modbus_poll,response,md,1779946584.439321
17,PLC1,PLC1_J269,35.109734,modbus_poll,response,md,1779946584.780915
17,PLC1,PLC1_J280,2.975480,modbus_poll,response,md,1779946584.780915
17,PLC1,PLC1_PU1F,96.020760,modbus_poll,response,md,1779946584.780915
17,PLC1,PLC1_PU2F,96.039589,modbus_poll,response,md,1779946584.780915
17,PLC2,PLC2_T1,2.961285,modbus_poll,response,md,1779946584.780915
17,PLC3,PLC3_J14,28.647404,modbus_poll,response,md,1779946584.780915
17,PLC3,PLC3_J256,90.430580,modbus_poll,response,md,1779946584.780915
17,PLC3,PLC3_J289,25.643866,modbus_poll,response,md,1779946584.780915
17,PLC3,PLC3_J300,25.584208,modbus_poll,response,md,1779946584.780915
17,PLC3,PLC3_J415,86.742149,modbus_poll,response,md,1779946584.780915
17,PLC3,PLC3_J422,27.747402,modbus_poll,response,md,1779946584.780915
17,PLC3,PLC3_PU4F,33.352943,modbus_poll,response,md,1779946584.780915
17,PLC3,PLC3_PU5F,0.000000,modbus_poll,response,md,1779946584.780915
17,PLC3,PLC3_PU6F,0.000000,modbus_poll,response,md,1779946584.780915
17,PLC3,PLC3_PU7F,48.012615,modbus_poll,response,md,1779946584.780915
17,PLC3,PLC3_T2,0.687937,modbus_poll,response,md,1779946584.780915
17,PLC3,PLC3_V2F,104.998360,modbus_poll,response,md,1779946584.780915
17,PLC4,PLC4_T3,3.511907,modbus_poll,response,md,1779946584.780915
17,PLC4,PLC4_T4,2.929813,modbus_poll,response,md,1779946584.780915
17,PLC5,PLC5_J302,21.300716,modbus_poll,response,md,1779946584.780915
17,PLC5,PLC5_J306,83.357880,modbus_poll,response,md,1779946584.780915
17,PLC5,PLC5_J307,21.189796,modbus_poll,response,md,1779946584.780915
17,PLC5,PLC5_J317,69.018837,modbus_poll,response,md,1779946584.780915
17,PLC5,PLC5_PU10F,30.665346,modbus_poll,response,md,1779946584.780915
17,PLC5,PLC5_PU11F,0.000000,modbus_poll,response,md,1779946584.780915
17,PLC5,PLC5_PU8F,34.951553,modbus_poll,response,md,1779946584.780915
17,PLC7,PLC7_T5,1.788792,modbus_poll,response,md,1779946584.780915
17,PLC8,PLC8_T6,5.009818,modbus_poll,response,md,1779946584.780915
17,PLC9,PLC9_T7,1.636560,modbus_poll,response,md,1779946584.780915
18,PLC1,PLC1_J269,35.106392,modbus_poll,response,md,1779946585.126413
18,PLC1,PLC1_J280,2.975477,modbus_poll,response,md,1779946585.126413
18,PLC1,PLC1_PU1F,96.027000,modbus_poll,response,md,1779946585.126413
18,PLC1,PLC1_PU2F,96.045830,modbus_poll,response,md,1779946585.126413
18,PLC2,PLC2_T1,2.950105,modbus_poll,response,md,1779946585.126413
18,PLC3,PLC3_J14,28.662725,modbus_poll,response,md,1779946585.126413
18,PLC3,PLC3_J256,90.464043,modbus_poll,response,md,1779946585.126413
18,PLC3,PLC3_J289,25.660553,modbus_poll,response,md,1779946585.126413
18,PLC3,PLC3_J300,25.600933,modbus_poll,response,md,1779946585.126413
18,PLC3,PLC3_J415,86.781815,modbus_poll,response,md,1779946585.126413
18,PLC3,PLC3_J422,27.762724,modbus_poll,response,md,1779946585.126413
18,PLC3,PLC3_PU4F,33.342617,modbus_poll,response,md,1779946585.126413
18,PLC3,PLC3_PU5F,0.000000,modbus_poll,response,md,1779946585.126413
18,PLC3,PLC3_PU6F,0.000000,modbus_poll,response,md,1779946585.126413
18,PLC3,PLC3_PU7F,48.000061,modbus_poll,response,md,1779946585.126413
18,PLC3,PLC3_T2,0.708842,modbus_poll,response,md,1779946585.126413
18,PLC3,PLC3_V2F,104.848289,modbus_poll,response,md,1779946585.126413
18,PLC4,PLC4_T3,3.556561,modbus_poll,response,md,1779946585.126413
18,PLC4,PLC4_T4,2.979436,modbus_poll,response,md,1779946585.126413
18,PLC5,PLC5_J302,21.300457,modbus_poll,response,md,1779946585.126413
18,PLC5,PLC5_J306,83.389748,modbus_poll,response,md,1779946585.126413
18,PLC5,PLC5_J307,21.189617,modbus_poll,response,md,1779946585.126413
18,PLC5,PLC5_J317,69.058846,modbus_poll,response,md,1779946585.126413
18,PLC5,PLC5_PU10F,30.653214,modbus_poll,response,md,1779946585.126413
18,PLC5,PLC5_PU11F,0.000000,modbus_poll,response,md,1779946585.126413
18,PLC5,PLC5_PU8F,34.932858,modbus_poll,response,md,1779946585.126413
18,PLC7,PLC7_T5,1.842937,modbus_poll,response,md,1779946585.126413
18,PLC8,PLC8_T6,5.034431,modbus_poll,response,md,1779946585.126413
18,PLC9,PLC9_T7,1.697377,modbus_poll,response,md,1779946585.126413
19,PLC1,PLC1_J269,35.103073,modbus_poll,response,md,1779946585.475769
19,PLC1,PLC1_J280,2.975474,modbus_poll,response,md,1779946585.475769
19,PLC1,PLC1_PU1F,96.033188,modbus_poll,response,md,1779946585.475769
19,PLC1,PLC1_PU2F,96.052025,modbus_poll,response,md,1779946585.475769
19,PLC2,PLC2_T1,2.939000,modbus_poll,response,md,1779946585.475769
19,PLC3,PLC3_J14,28.677982,modbus_poll,response,md,1779946585.475769
19,PLC3,PLC3_J256,90.497467,modbus_poll,response,md,1779946585.475769
19,PLC3,PLC3_J289,25.677170,modbus_poll,response,md,1779946585.475769
19,PLC3,PLC3_J300,25.617588,modbus_poll,response,md,1779946585.475769
19,PLC3,PLC3_J415,86.821419,modbus_poll,response,md,1779946585.475769
19,PLC3,PLC3_J422,27.777981,modbus_poll,response,md,1779946585.475769
19,PLC3,PLC3_PU4F,33.332272,modbus_poll,response,md,1779946585.475769
19,PLC3,PLC3_PU5F,0.000000,modbus_poll,response,md,1779946585.475769
19,PLC3,PLC3_PU6F,0.000000,modbus_poll,response,md,1779946585.475769
19,PLC3,PLC3_PU7F,47.987495,modbus_poll,response,md,1779946585.475769
19,PLC3,PLC3_T2,0.729635,modbus_poll,response,md,1779946585.475769
19,PLC3,PLC3_V2F,104.698807,modbus_poll,response,md,1779946585.475769
19,PLC4,PLC4_T3,3.601193,modbus_poll,response,md,1779946585.475769
19,PLC4,PLC4_T4,3.029024,modbus_poll,response,md,1779946585.475769
19,PLC5,PLC5_J302,21.300230,modbus_poll,response,md,1779946585.475769
19,PLC5,PLC5_J306,83.421600,modbus_poll,response,md,1779946585.475769
19,PLC5,PLC5_J307,21.189470,modbus_poll,response,md,1779946585.475769
19,PLC5,PLC5_J317,69.098808,modbus_poll,response,md,1779946585.475769
19,PLC5,PLC5_PU10F,30.641098,modbus_poll,response,md,1779946585.475769
19,PLC5,PLC5_PU11F,0.000000,modbus_poll,response,md,1779946585.475769
19,PLC5,PLC5_PU8F,34.914177,modbus_poll,response,md,1779946585.475769
19,PLC7,PLC7_T5,1.897031,modbus_poll,response,md,1779946585.475769
19,PLC8,PLC8_T6,5.059087,modbus_poll,response,md,1779946585.475769
19,PLC9,PLC9_T7,1.758044,modbus_poll,response,md,1779946585.475769
20,PLC1,PLC1_J269,35.099781,modbus_poll,response,md,1779946585.823487
20,PLC1,PLC1_J280,2.975471,modbus_poll,response,md,1779946585.823487
20,PLC1,PLC1_PU1F,96.039337,modbus_poll,response,md,1779946585.823487
20,PLC1,PLC1_PU2F,96.058174,modbus_poll,response,md,1779946585.823487
20,PLC2,PLC2_T1,2.927970,modbus_poll,response,md,1779946585.823487
20,PLC3,PLC3_J14,28.693174,modbus_poll,response,md,1779946585.823487
20,PLC3,PLC3_J256,90.530846,modbus_poll,response,md,1779946585.823487
20,PLC3,PLC3_J289,25.693718,modbus_poll,response,md,1779946585.823487
20,PLC3,PLC3_J300,25.634172,modbus_poll,response,md,1779946585.823487
20,PLC3,PLC3_J415,86.860992,modbus_poll,response,md,1779946585.823487
20,PLC3,PLC3_J422,27.793173,modbus_poll,response,md,1779946585.823487
20,PLC3,PLC3_PU4F,33.321903,modbus_poll,response,md,1779946585.823487
20,PLC3,PLC3_PU5F,0.000000,modbus_poll,response,md,1779946585.823487
20,PLC3,PLC3_PU6F,0.000000,modbus_poll,response,md,1779946585.823487
20,PLC3,PLC3_PU7F,47.974899,modbus_poll,response,md,1779946585.823487
20,PLC3,PLC3_T2,0.750316,modbus_poll,response,md,1779946585.823487
20,PLC3,PLC3_V2F,104.549896,modbus_poll,response,md,1779946585.823487
20,PLC4,PLC4_T3,3.645805,modbus_poll,response,md,1779946585.823487
20,PLC4,PLC4_T4,3.078576,modbus_poll,response,md,1779946585.823487
20,PLC5,PLC5_J302,21.300035,modbus_poll,response,md,1779946585.823487
20,PLC5,PLC5_J306,83.453438,modbus_poll,response,md,1779946585.823487
20,PLC5,PLC5_J307,21.189358,modbus_poll,response,md,1779946585.823487
20,PLC5,PLC5_J317,69.138725,modbus_poll,response,md,1779946585.823487
20,PLC5,PLC5_PU10F,30.629002,modbus_poll,response,md,1779946585.823487
20,PLC5,PLC5_PU11F,0.000000,modbus_poll,response,md,1779946585.823487
20,PLC5,PLC5_PU8F,34.895515,modbus_poll,response,md,1779946585.823487
20,PLC7,PLC7_T5,1.951075,modbus_poll,response,md,1779946585.823487
20,PLC8,PLC8_T6,5.083786,modbus_poll,response,md,1779946585.823487
20,PLC9,PLC9_T7,1.818563,modbus_poll,response,md,1779946585.823487
21,PLC1,PLC1_J269,35.096519,modbus_poll,response,md,1779946586.164969
21,PLC1,PLC1_J280,2.975468,modbus_poll,response,md,1779946586.164969
21,PLC1,PLC1_PU1F,96.045425,modbus_poll,response,md,1779946586.164969
21,PLC1,PLC1_PU2F,96.064262,modbus_poll,response,md,1779946586.164969
21,PLC2,PLC2_T1,2.917014,modbus_poll,response,md,1779946586.164969
21,PLC3,PLC3_J14,28.708303,modbus_poll,response,md,1779946586.164969
21,PLC3,PLC3_J256,90.564194,modbus_poll,response,md,1779946586.164969
21,PLC3,PLC3_J289,25.710197,modbus_poll,response,md,1779946586.164969
21,PLC3,PLC3_J300,25.650690,modbus_poll,response,md,1779946586.164969
21,PLC3,PLC3_J415,86.900520,modbus_poll,response,md,1779946586.164969
21,PLC3,PLC3_J422,27.808302,modbus_poll,response,md,1779946586.164969
21,PLC3,PLC3_PU4F,33.311516,modbus_poll,response,md,1779946586.164969
21,PLC3,PLC3_PU5F,0.000000,modbus_poll,response,md,1779946586.164969
21,PLC3,PLC3_PU6F,0.000000,modbus_poll,response,md,1779946586.164969
21,PLC3,PLC3_PU7F,47.962292,modbus_poll,response,md,1779946586.164969
21,PLC3,PLC3_T2,0.770885,modbus_poll,response,md,1779946586.164969
21,PLC3,PLC3_V2F,104.401581,modbus_poll,response,md,1779946586.164969
21,PLC4,PLC4_T3,3.690396,modbus_poll,response,md,1779946586.164969
21,PLC4,PLC4_T4,3.128093,modbus_poll,response,md,1779946586.164969
21,PLC5,PLC5_J302,21.299875,modbus_poll,response,md,1779946586.164969
21,PLC5,PLC5_J306,83.485252,modbus_poll,response,md,1779946586.164969
21,PLC5,PLC5_J307,21.189278,modbus_poll,response,md,1779946586.164969
21,PLC5,PLC5_J317,69.178589,modbus_poll,response,md,1779946586.164969
21,PLC5,PLC5_PU10F,30.616922,modbus_poll,response,md,1779946586.164969
21,PLC5,PLC5_PU11F,0.000000,modbus_poll,response,md,1779946586.164969
21,PLC5,PLC5_PU8F,34.876869,modbus_poll,response,md,1779946586.164969
21,PLC7,PLC7_T5,2.005069,modbus_poll,response,md,1779946586.164969
21,PLC8,PLC8_T6,5.108526,modbus_poll,response,md,1779946586.164969
21,PLC9,PLC9_T7,1.878935,modbus_poll,response,md,1779946586.164969
22,PLC1,PLC1_J269,35.093281,modbus_poll,response,md,1779946586.513496
22,PLC1,PLC1_J280,2.975465,modbus_poll,response,md,1779946586.513496
22,PLC1,PLC1_PU1F,96.051476,modbus_poll,response,md,1779946586.513496
22,PLC1,PLC1_PU2F,96.070312,modbus_poll,response,md,1779946586.513496
22,PLC2,PLC2_T1,2.906134,modbus_poll,response,md,1779946586.513496
22,PLC3,PLC3_J14,28.723370,modbus_poll,response,md,1779946586.513496
22,PLC3,PLC3_J256,90.597496,modbus_poll,response,md,1779946586.513496
22,PLC3,PLC3_J289,25.726608,modbus_poll,response,md,1779946586.513496
22,PLC3,PLC3_J300,25.667139,modbus_poll,response,md,1779946586.513496
22,PLC3,PLC3_J415,86.940002,modbus_poll,response,md,1779946586.513496
22,PLC3,PLC3_J422,27.823368,modbus_poll,response,md,1779946586.513496
22,PLC3,PLC3_PU4F,33.301105,modbus_poll,response,md,1779946586.513496
22,PLC3,PLC3_PU5F,0.000000,modbus_poll,response,md,1779946586.513496
22,PLC3,PLC3_PU6F,0.000000,modbus_poll,response,md,1779946586.513496
22,PLC3,PLC3_PU7F,47.949665,modbus_poll,response,md,1779946586.513496
22,PLC3,PLC3_T2,0.791344,modbus_poll,response,md,1779946586.513496
22,PLC3,PLC3_V2F,104.253876,modbus_poll,response,md,1779946586.513496
22,PLC4,PLC4_T3,3.734965,modbus_poll,response,md,1779946586.513496
22,PLC4,PLC4_T4,3.177574,modbus_poll,response,md,1779946586.513496
22,PLC5,PLC5_J302,21.299747,modbus_poll,response,md,1779946586.513496
22,PLC5,PLC5_J306,83.517052,modbus_poll,response,md,1779946586.513496
22,PLC5,PLC5_J307,21.189232,modbus_poll,response,md,1779946586.513496
22,PLC5,PLC5_J317,69.218399,modbus_poll,response,md,1779946586.513496
22,PLC5,PLC5_PU10F,30.604862,modbus_poll,response,md,1779946586.513496
22,PLC5,PLC5_PU11F,0.000000,modbus_poll,response,md,1779946586.513496
22,PLC5,PLC5_PU8F,34.858246,modbus_poll,response,md,1779946586.513496
22,PLC7,PLC7_T5,2.059012,modbus_poll,response,md,1779946586.513496
22,PLC8,PLC8_T6,5.133308,modbus_poll,response,md,1779946586.513496
22,PLC9,PLC9_T7,1.939159,modbus_poll,response,md,1779946586.513496
23,PLC1,PLC1_J269,35.090073,modbus_poll,response,md,1779946586.864907
23,PLC1,PLC1_J280,2.975462,modbus_poll,response,md,1779946586.864907
23,PLC1,PLC1_PU1F,96.057465,modbus_poll,response,md,1779946586.864907
23,PLC1,PLC1_PU2F,96.076309,modbus_poll,response,md,1779946586.864907
23,PLC2,PLC2_T1,2.895327,modbus_poll,response,md,1779946586.864907
23,PLC3,PLC3_J14,28.738373,modbus_poll,response,md,1779946586.864907
23,PLC3,PLC3_J256,90.630760,modbus_poll,response,md,1779946586.864907
23,PLC3,PLC3_J289,25.742950,modbus_poll,response,md,1779946586.864907
23,PLC3,PLC3_J300,25.683519,modbus_poll,response,md,1779946586.864907
23,PLC3,PLC3_J415,86.979424,modbus_poll,response,md,1779946586.864907
23,PLC3,PLC3_J422,27.838373,modbus_poll,response,md,1779946586.864907
23,PLC3,PLC3_PU4F,33.290672,modbus_poll,response,md,1779946586.864907
23,PLC3,PLC3_PU5F,0.000000,modbus_poll,response,md,1779946586.864907
23,PLC3,PLC3_PU6F,0.000000,modbus_poll,response,md,1779946586.864907
23,PLC3,PLC3_PU7F,47.937023,modbus_poll,response,md,1779946586.864907
23,PLC3,PLC3_T2,0.811692,modbus_poll,response,md,1779946586.864907
23,PLC3,PLC3_V2F,104.106758,modbus_poll,response,md,1779946586.864907
23,PLC4,PLC4_T3,3.779514,modbus_poll,response,md,1779946586.864907
23,PLC4,PLC4_T4,3.227020,modbus_poll,response,md,1779946586.864907
23,PLC5,PLC5_J302,21.299652,modbus_poll,response,md,1779946586.864907
23,PLC5,PLC5_J306,83.548836,modbus_poll,response,md,1779946586.864907
23,PLC5,PLC5_J307,21.189217,modbus_poll,response,md,1779946586.864907
23,PLC5,PLC5_J317,69.258163,modbus_poll,response,md,1779946586.864907
23,PLC5,PLC5_PU10F,30.592819,modbus_poll,response,md,1779946586.864907
23,PLC5,PLC5_PU11F,0.000000,modbus_poll,response,md,1779946586.864907
23,PLC5,PLC5_PU8F,34.839638,modbus_poll,response,md,1779946586.864907
23,PLC7,PLC7_T5,2.112905,modbus_poll,response,md,1779946586.864907
23,PLC8,PLC8_T6,5.158132,modbus_poll,response,md,1779946586.864907
23,PLC9,PLC9_T7,1.999236,modbus_poll,response,md,1779946586.864907
24,PLC1,PLC1_J269,35.086880,modbus_poll,response,md,1779946587.218934
24,PLC1,PLC1_J280,2.975460,modbus_poll,response,md,1779946587.218934
24,PLC1,PLC1_PU1F,96.063423,modbus_poll,response,md,1779946587.218934
24,PLC1,PLC1_PU2F,96.082268,modbus_poll,response,md,1779946587.218934
24,PLC2,PLC2_T1,2.884595,modbus_poll,response,md,1779946587.218934
24,PLC3,PLC3_J14,28.753313,modbus_poll,response,md,1779946587.218934
24,PLC3,PLC3_J256,90.663986,modbus_poll,response,md,1779946587.218934
24,PLC3,PLC3_J289,25.759224,modbus_poll,response,md,1779946587.218934
24,PLC3,PLC3_J300,25.699831,modbus_poll,response,md,1779946587.218934
24,PLC3,PLC3_J415,87.018806,modbus_poll,response,md,1779946587.218934
24,PLC3,PLC3_J422,27.853312,modbus_poll,response,md,1779946587.218934
24,PLC3,PLC3_PU4F,33.280220,modbus_poll,response,md,1779946587.218934
24,PLC3,PLC3_PU5F,0.000000,modbus_poll,response,md,1779946587.218934
24,PLC3,PLC3_PU6F,0.000000,modbus_poll,response,md,1779946587.218934
24,PLC3,PLC3_PU7F,47.924366,modbus_poll,response,md,1779946587.218934
24,PLC3,PLC3_T2,0.831930,modbus_poll,response,md,1779946587.218934
24,PLC3,PLC3_V2F,103.960236,modbus_poll,response,md,1779946587.218934
24,PLC4,PLC4_T3,3.824041,modbus_poll,response,md,1779946587.218934
24,PLC4,PLC4_T4,3.276430,modbus_poll,response,md,1779946587.218934
24,PLC5,PLC5_J302,21.299589,modbus_poll,response,md,1779946587.218934
24,PLC5,PLC5_J306,83.580597,modbus_poll,response,md,1779946587.218934
24,PLC5,PLC5_J307,21.189234,modbus_poll,response,md,1779946587.218934
24,PLC5,PLC5_J317,69.297882,modbus_poll,response,md,1779946587.218934
24,PLC5,PLC5_PU10F,30.580795,modbus_poll,response,md,1779946587.218934
24,PLC5,PLC5_PU11F,0.000000,modbus_poll,response,md,1779946587.218934
24,PLC5,PLC5_PU8F,34.821045,modbus_poll,response,md,1779946587.218934
24,PLC7,PLC7_T5,2.166748,modbus_poll,response,md,1779946587.218934
24,PLC8,PLC8_T6,5.182996,modbus_poll,response,md,1779946587.218934
24,PLC9,PLC9_T7,2.059168,modbus_poll,response,md,1779946587.218934
25,PLC1,PLC1_J269,35.157253,modbus_poll,response,md,1779946587.555395
25,PLC1,PLC1_J280,2.975522,modbus_poll,response,md,1779946587.555395
25,PLC1,PLC1_PU1F,95.932030,modbus_poll,response,md,1779946587.555395
25,PLC1,PLC1_PU2F,95.950829,modbus_poll,response,md,1779946587.555395
25,PLC2,PLC2_T1,2.873936,modbus_poll,response,md,1779946587.555395
25,PLC3,PLC3_J14,28.799669,modbus_poll,response,md,1779946587.555395
25,PLC3,PLC3_J256,91.466095,modbus_poll,response,md,1779946587.555395
25,PLC3,PLC3_J289,25.809734,modbus_poll,response,md,1779946587.555395
25,PLC3,PLC3_J300,25.752754,modbus_poll,response,md,1779946587.555395
25,PLC3,PLC3_J415,87.180527,modbus_poll,response,md,1779946587.555395
25,PLC3,PLC3_J422,27.899668,modbus_poll,response,md,1779946587.555395
25,PLC3,PLC3_PU4F,32.813293,modbus_poll,response,md,1779946587.555395
25,PLC3,PLC3_PU5F,0.000000,modbus_poll,response,md,1779946587.555395
25,PLC3,PLC3_PU6F,0.000000,modbus_poll,response,md,1779946587.555395
25,PLC3,PLC3_PU7F,47.863365,modbus_poll,response,md,1779946587.555395
25,PLC3,PLC3_T2,0.852060,modbus_poll,response,md,1779946587.555395
25,PLC3,PLC3_V2F,104.149887,modbus_poll,response,md,1779946587.555395
25,PLC4,PLC4_T3,3.868547,modbus_poll,response,md,1779946587.555395
25,PLC4,PLC4_T4,3.325804,modbus_poll,response,md,1779946587.555395
25,PLC5,PLC5_J302,21.397779,modbus_poll,response,md,1779946587.555395
25,PLC5,PLC5_J306,83.883865,modbus_poll,response,md,1779946587.555395
25,PLC5,PLC5_J307,21.287615,modbus_poll,response,md,1779946587.555395
25,PLC5,PLC5_J317,69.490479,modbus_poll,response,md,1779946587.555395
25,PLC5,PLC5_PU10F,30.552227,modbus_poll,response,md,1779946587.555395
25,PLC5,PLC5_PU11F,0.000000,modbus_poll,response,md,1779946587.555395
25,PLC5,PLC5_PU8F,34.701088,modbus_poll,response,md,1779946587.555395
25,PLC7,PLC7_T5,2.220540,modbus_poll,response,md,1779946587.555395
25,PLC8,PLC8_T6,5.207902,modbus_poll,response,md,1779946587.555395
25,PLC9,PLC9_T7,2.118953,modbus_poll,response,md,1779946587.555395
26,PLC1,PLC1_J269,35.154533,modbus_poll,response,md,1779946587.898305
26,PLC1,PLC1_J280,2.975519,modbus_poll,response,md,1779946587.898305
26,PLC1,PLC1_PU1F,95.937111,modbus_poll,response,md,1779946587.898305
26,PLC1,PLC1_PU2F,95.955910,modbus_poll,response,md,1779946587.898305
26,PLC2,PLC2_T1,2.864258,modbus_poll,response,md,1779946587.898305
26,PLC3,PLC3_J14,28.815138,modbus_poll,response,md,1779946587.898305
26,PLC3,PLC3_J256,91.500336,modbus_poll,response,md,1779946587.898305
26,PLC3,PLC3_J289,25.826532,modbus_poll,response,md,1779946587.898305
26,PLC3,PLC3_J300,25.769592,modbus_poll,response,md,1779946587.898305
26,PLC3,PLC3_J415,87.221069,modbus_poll,response,md,1779946587.898305
26,PLC3,PLC3_J422,27.915136,modbus_poll,response,md,1779946587.898305
26,PLC3,PLC3_PU4F,32.802361,modbus_poll,response,md,1779946587.898305
26,PLC3,PLC3_PU5F,0.000000,modbus_poll,response,md,1779946587.898305
26,PLC3,PLC3_PU6F,0.000000,modbus_poll,response,md,1779946587.898305
26,PLC3,PLC3_PU7F,47.850327,modbus_poll,response,md,1779946587.898305
26,PLC3,PLC3_T2,0.872824,modbus_poll,response,md,1779946587.898305
26,PLC3,PLC3_V2F,104.005157,modbus_poll,response,md,1779946587.898305
26,PLC4,PLC4_T3,3.914925,modbus_poll,response,md,1779946587.898305
26,PLC4,PLC4_T4,3.376746,modbus_poll,response,md,1779946587.898305
26,PLC5,PLC5_J302,21.398287,modbus_poll,response,md,1779946587.898305
26,PLC5,PLC5_J306,83.917328,modbus_poll,response,md,1779946587.898305
26,PLC5,PLC5_J307,21.288193,modbus_poll,response,md,1779946587.898305
26,PLC5,PLC5_J317,69.526245,modbus_poll,response,md,1779946587.898305
26,PLC5,PLC5_PU10F,30.541552,modbus_poll,response,md,1779946587.898305
26,PLC5,PLC5_PU11F,0.000000,modbus_poll,response,md,1779946587.898305
26,PLC5,PLC5_PU8F,34.681763,modbus_poll,response,md,1779946587.898305
26,PLC7,PLC7_T5,2.277126,modbus_poll,response,md,1779946587.898305
26,PLC8,PLC8_T6,5.233445,modbus_poll,response,md,1779946587.898305
26,PLC9,PLC9_T7,2.182853,modbus_poll,response,md,1779946587.898305
27,PLC1,PLC1_J269,35.151840,modbus_poll,response,md,1779946588.243583
27,PLC1,PLC1_J280,2.975517,modbus_poll,response,md,1779946588.243583
27,PLC1,PLC1_PU1F,95.942131,modbus_poll,response,md,1779946588.243583
27,PLC1,PLC1_PU2F,95.960938,modbus_poll,response,md,1779946588.243583
27,PLC2,PLC2_T1,2.854651,modbus_poll,response,md,1779946588.243583
27,PLC3,PLC3_J14,28.830555,modbus_poll,response,md,1779946588.243583
27,PLC3,PLC3_J256,91.534546,modbus_poll,response,md,1779946588.243583
27,PLC3,PLC3_J289,25.843273,modbus_poll,response,md,1779946588.243583
27,PLC3,PLC3_J300,25.786371,modbus_poll,response,md,1779946588.243583
27,PLC3,PLC3_J415,87.261574,modbus_poll,response,md,1779946588.243583
27,PLC3,PLC3_J422,27.930553,modbus_poll,response,md,1779946588.243583
27,PLC3,PLC3_PU4F,32.791405,modbus_poll,response,md,1779946588.243583
27,PLC3,PLC3_PU5F,0.000000,modbus_poll,response,md,1779946588.243583
27,PLC3,PLC3_PU6F,0.000000,modbus_poll,response,md,1779946588.243583
27,PLC3,PLC3_PU7F,47.837269,modbus_poll,response,md,1779946588.243583
27,PLC3,PLC3_T2,0.893481,modbus_poll,response,md,1779946588.243583
27,PLC3,PLC3_V2F,103.861008,modbus_poll,response,md,1779946588.243583
27,PLC4,PLC4_T3,3.961282,modbus_poll,response,md,1779946588.243583
27,PLC4,PLC4_T4,3.427651,modbus_poll,response,md,1779946588.243583
27,PLC5,PLC5_J302,21.399199,modbus_poll,response,md,1779946588.243583
27,PLC5,PLC5_J306,83.950920,modbus_poll,response,md,1779946588.243583
27,PLC5,PLC5_J307,21.289186,modbus_poll,response,md,1779946588.243583
27,PLC5,PLC5_J317,69.567612,modbus_poll,response,md,1779946588.243583
27,PLC5,PLC5_PU10F,30.529297,modbus_poll,response,md,1779946588.243583
27,PLC5,PLC5_PU11F,0.000000,modbus_poll,response,md,1779946588.243583
27,PLC5,PLC5_PU8F,34.662571,modbus_poll,response,md,1779946588.243583
27,PLC7,PLC7_T5,2.333659,modbus_poll,response,md,1779946588.243583
27,PLC8,PLC8_T6,5.259017,modbus_poll,response,md,1779946588.243583
27,PLC9,PLC9_T7,2.245021,modbus_poll,response,md,1779946588.243583
28,PLC1,PLC1_J269,35.149181,modbus_poll,response,md,1779946588.588457
28,PLC1,PLC1_J280,2.975515,modbus_poll,response,md,1779946588.588457
28,PLC1,PLC1_PU1F,95.947098,modbus_poll,response,md,1779946588.588457
28,PLC1,PLC1_PU2F,95.965904,modbus_poll,response,md,1779946588.588457
28,PLC2,PLC2_T1,2.845116,modbus_poll,response,md,1779946588.588457
28,PLC3,PLC3_J14,28.845909,modbus_poll,response,md,1779946588.588457
28,PLC3,PLC3_J256,91.568710,modbus_poll,response,md,1779946588.588457
28,PLC3,PLC3_J289,25.859947,modbus_poll,response,md,1779946588.588457
28,PLC3,PLC3_J300,25.803085,modbus_poll,response,md,1779946588.588457
28,PLC3,PLC3_J415,87.302048,modbus_poll,response,md,1779946588.588457
28,PLC3,PLC3_J422,27.945908,modbus_poll,response,md,1779946588.588457
28,PLC3,PLC3_PU4F,32.780430,modbus_poll,response,md,1779946588.588457
28,PLC3,PLC3_PU5F,0.000000,modbus_poll,response,md,1779946588.588457
28,PLC3,PLC3_PU6F,0.000000,modbus_poll,response,md,1779946588.588457
28,PLC3,PLC3_PU7F,47.824188,modbus_poll,response,md,1779946588.588457
28,PLC3,PLC3_T2,0.914032,modbus_poll,response,md,1779946588.588457
28,PLC3,PLC3_V2F,103.717445,modbus_poll,response,md,1779946588.588457
28,PLC4,PLC4_T3,4.007616,modbus_poll,response,md,1779946588.588457
28,PLC4,PLC4_T4,3.478519,modbus_poll,response,md,1779946588.588457
28,PLC5,PLC5_J302,21.400139,modbus_poll,response,md,1779946588.588457
28,PLC5,PLC5_J306,83.984489,modbus_poll,response,md,1779946588.588457
28,PLC5,PLC5_J307,21.290209,modbus_poll,response,md,1779946588.588457
28,PLC5,PLC5_J317,69.608856,modbus_poll,response,md,1779946588.588457
28,PLC5,PLC5_PU10F,30.517076,modbus_poll,response,md,1779946588.588457
28,PLC5,PLC5_PU11F,0.000000,modbus_poll,response,md,1779946588.588457
28,PLC5,PLC5_PU8F,34.643398,modbus_poll,response,md,1779946588.588457
28,PLC7,PLC7_T5,2.390141,modbus_poll,response,md,1779946588.588457
28,PLC8,PLC8_T6,5.284631,modbus_poll,response,md,1779946588.588457
28,PLC9,PLC9_T7,2.307039,modbus_poll,response,md,1779946588.588457
29,PLC1,PLC1_J269,35.146545,modbus_poll,response,md,1779946588.932170
29,PLC1,PLC1_J280,2.975512,modbus_poll,response,md,1779946588.932170
29,PLC1,PLC1_PU1F,95.952026,modbus_poll,response,md,1779946588.932170
29,PLC1,PLC1_PU2F,95.970833,modbus_poll,response,md,1779946588.932170
29,PLC2,PLC2_T1,2.835654,modbus_poll,response,md,1779946588.932170
29,PLC3,PLC3_J14,28.861204,modbus_poll,response,md,1779946588.932170
29,PLC3,PLC3_J256,91.602829,modbus_poll,response,md,1779946588.932170
29,PLC3,PLC3_J289,25.876556,modbus_poll,response,md,1779946588.932170
29,PLC3,PLC3_J300,25.819733,modbus_poll,response,md,1779946588.932170
29,PLC3,PLC3_J415,87.342461,modbus_poll,response,md,1779946588.932170
29,PLC3,PLC3_J422,27.961203,modbus_poll,response,md,1779946588.932170
29,PLC3,PLC3_PU4F,32.769432,modbus_poll,response,md,1779946588.932170
29,PLC3,PLC3_PU5F,0.000000,modbus_poll,response,md,1779946588.932170
29,PLC3,PLC3_PU6F,0.000000,modbus_poll,response,md,1779946588.932170
29,PLC3,PLC3_PU7F,47.811100,modbus_poll,response,md,1779946588.932170
29,PLC3,PLC3_T2,0.934478,modbus_poll,response,md,1779946588.932170
29,PLC3,PLC3_V2F,103.574448,modbus_poll,response,md,1779946588.932170
29,PLC4,PLC4_T3,4.053927,modbus_poll,response,md,1779946588.932170
29,PLC4,PLC4_T4,3.529350,modbus_poll,response,md,1779946588.932170
29,PLC5,PLC5_J302,21.401112,modbus_poll,response,md,1779946588.932170
29,PLC5,PLC5_J306,84.018051,modbus_poll,response,md,1779946588.932170
29,PLC5,PLC5_J307,21.291264,modbus_poll,response,md,1779946588.932170
29,PLC5,PLC5_J317,69.650047,modbus_poll,response,md,1779946588.932170
29,PLC5,PLC5_PU10F,30.504877,modbus_poll,response,md,1779946588.932170
29,PLC5,PLC5_PU11F,0.000000,modbus_poll,response,md,1779946588.932170
29,PLC5,PLC5_PU8F,34.624245,modbus_poll,response,md,1779946588.932170
29,PLC7,PLC7_T5,2.446570,modbus_poll,response,md,1779946588.932170
29,PLC8,PLC8_T6,5.310287,modbus_poll,response,md,1779946588.932170
29,PLC9,PLC9_T7,2.368908,modbus_poll,response,md,1779946588.932170
30,PLC1,PLC1_J269,35.143929,modbus_poll,response,md,1779946589.272593
30,PLC1,PLC1_J280,2.975510,modbus_poll,response,md,1779946589.272593
30,PLC1,PLC1_PU1F,95.956909,modbus_poll,response,md,1779946589.272593
30,PLC1,PLC1_PU2F,95.975723,modbus_poll,response,md,1779946589.272593
30,PLC2,PLC2_T1,2.826264,modbus_poll,response,md,1779946589.272593
30,PLC3,PLC3_J14,28.876438,modbus_poll,response,md,1779946589.272593
30,PLC3,PLC3_J256,91.636917,modbus_poll,response,md,1779946589.272593
30,PLC3,PLC3_J289,25.893099,modbus_poll,response,md,1779946589.272593
30,PLC3,PLC3_J300,25.836315,modbus_poll,response,md,1779946589.272593
30,PLC3,PLC3_J415,87.382835,modbus_poll,response,md,1779946589.272593
30,PLC3,PLC3_J422,27.976437,modbus_poll,response,md,1779946589.272593
30,PLC3,PLC3_PU4F,32.758415,modbus_poll,response,md,1779946589.272593
30,PLC3,PLC3_PU5F,0.000000,modbus_poll,response,md,1779946589.272593
30,PLC3,PLC3_PU6F,0.000000,modbus_poll,response,md,1779946589.272593
30,PLC3,PLC3_PU7F,47.797985,modbus_poll,response,md,1779946589.272593
30,PLC3,PLC3_T2,0.954818,modbus_poll,response,md,1779946589.272593
30,PLC3,PLC3_V2F,103.432014,modbus_poll,response,md,1779946589.272593
30,PLC4,PLC4_T3,4.100217,modbus_poll,response,md,1779946589.272593
30,PLC4,PLC4_T4,3.580144,modbus_poll,response,md,1779946589.272593
30,PLC5,PLC5_J302,21.402117,modbus_poll,response,md,1779946589.272593
30,PLC5,PLC5_J306,84.051582,modbus_poll,response,md,1779946589.272593
30,PLC5,PLC5_J307,21.292349,modbus_poll,response,md,1779946589.272593
30,PLC5,PLC5_J317,69.691193,modbus_poll,response,md,1779946589.272593
30,PLC5,PLC5_PU10F,30.492693,modbus_poll,response,md,1779946589.272593
30,PLC5,PLC5_PU11F,0.000000,modbus_poll,response,md,1779946589.272593
30,PLC5,PLC5_PU8F,34.605106,modbus_poll,response,md,1779946589.272593
30,PLC7,PLC7_T5,2.502949,modbus_poll,response,md,1779946589.272593
30,PLC8,PLC8_T6,5.335985,modbus_poll,response,md,1779946589.272593
30,PLC9,PLC9_T7,2.430629,modbus_poll,response,md,1779946589.272593
31,PLC1,PLC1_J269,35.141338,modbus_poll,response,md,1779946589.618644
31,PLC1,PLC1_J280,2.975508,modbus_poll,response,md,1779946589.618644
31,PLC1,PLC1_PU1F,95.961746,modbus_poll,response,md,1779946589.618644
31,PLC1,PLC1_PU2F,95.980560,modbus_poll,response,md,1779946589.618644
31,PLC2,PLC2_T1,2.816945,modbus_poll,response,md,1779946589.618644
31,PLC3,PLC3_J14,28.891609,modbus_poll,response,md,1779946589.618644
31,PLC3,PLC3_J256,91.670959,modbus_poll,response,md,1779946589.618644
31,PLC3,PLC3_J289,25.909575,modbus_poll,response,md,1779946589.618644
31,PLC3,PLC3_J300,25.852831,modbus_poll,response,md,1779946589.618644
31,PLC3,PLC3_J415,87.423164,modbus_poll,response,md,1779946589.618644
31,PLC3,PLC3_J422,27.991610,modbus_poll,response,md,1779946589.618644
31,PLC3,PLC3_PU4F,32.747379,modbus_poll,response,md,1779946589.618644
31,PLC3,PLC3_PU5F,0.000000,modbus_poll,response,md,1779946589.618644
31,PLC3,PLC3_PU6F,0.000000,modbus_poll,response,md,1779946589.618644
31,PLC3,PLC3_PU7F,47.784859,modbus_poll,response,md,1779946589.618644
31,PLC3,PLC3_T2,0.975053,modbus_poll,response,md,1779946589.618644
31,PLC3,PLC3_V2F,103.290161,modbus_poll,response,md,1779946589.618644
31,PLC4,PLC4_T3,4.146484,modbus_poll,response,md,1779946589.618644
31,PLC4,PLC4_T4,3.630901,modbus_poll,response,md,1779946589.618644
31,PLC5,PLC5_J302,21.403154,modbus_poll,response,md,1779946589.618644
31,PLC5,PLC5_J306,84.085106,modbus_poll,response,md,1779946589.618644
31,PLC5,PLC5_J307,21.293468,modbus_poll,response,md,1779946589.618644
31,PLC5,PLC5_J317,69.732285,modbus_poll,response,md,1779946589.618644
31,PLC5,PLC5_PU10F,30.480530,modbus_poll,response,md,1779946589.618644
31,PLC5,PLC5_PU11F,0.000000,modbus_poll,response,md,1779946589.618644
31,PLC5,PLC5_PU8F,34.585987,modbus_poll,response,md,1779946589.618644
31,PLC7,PLC7_T5,2.559275,modbus_poll,response,md,1779946589.618644
31,PLC8,PLC8_T6,5.361724,modbus_poll,response,md,1779946589.618644
31,PLC9,PLC9_T7,2.492203,modbus_poll,response,md,1779946589.618644
32,PLC1,PLC1_J269,35.138775,modbus_poll,response,md,1779946589.962990
32,PLC1,PLC1_J280,2.975505,modbus_poll,response,md,1779946589.962990
32,PLC1,PLC1_PU1F,95.966530,modbus_poll,response,md,1779946589.962990
32,PLC1,PLC1_PU2F,95.985344,modbus_poll,response,md,1779946589.962990
32,PLC2,PLC2_T1,2.807697,modbus_poll,response,md,1779946589.962990
32,PLC3,PLC3_J14,28.906723,modbus_poll,response,md,1779946589.962990
32,PLC3,PLC3_J256,91.704964,modbus_poll,response,md,1779946589.962990
32,PLC3,PLC3_J289,25.925985,modbus_poll,response,md,1779946589.962990
32,PLC3,PLC3_J300,25.869282,modbus_poll,response,md,1779946589.962990
32,PLC3,PLC3_J415,87.463440,modbus_poll,response,md,1779946589.962990
32,PLC3,PLC3_J422,28.006721,modbus_poll,response,md,1779946589.962990
32,PLC3,PLC3_PU4F,32.736324,modbus_poll,response,md,1779946589.962990
32,PLC3,PLC3_PU5F,0.000000,modbus_poll,response,md,1779946589.962990
32,PLC3,PLC3_PU6F,0.000000,modbus_poll,response,md,1779946589.962990
32,PLC3,PLC3_PU7F,47.771717,modbus_poll,response,md,1779946589.962990
32,PLC3,PLC3_T2,0.995184,modbus_poll,response,md,1779946589.962990
32,PLC3,PLC3_V2F,103.148872,modbus_poll,response,md,1779946589.962990
32,PLC4,PLC4_T3,4.192729,modbus_poll,response,md,1779946589.962990
32,PLC4,PLC4_T4,3.681622,modbus_poll,response,md,1779946589.962990
32,PLC5,PLC5_J302,21.404224,modbus_poll,response,md,1779946589.962990
32,PLC5,PLC5_J306,84.118607,modbus_poll,response,md,1779946589.962990
32,PLC5,PLC5_J307,21.294621,modbus_poll,response,md,1779946589.962990
32,PLC5,PLC5_J317,69.773331,modbus_poll,response,md,1779946589.962990
32,PLC5,PLC5_PU10F,30.468384,modbus_poll,response,md,1779946589.962990
32,PLC5,PLC5_PU11F,0.000000,modbus_poll,response,md,1779946589.962990
32,PLC5,PLC5_PU8F,34.566883,modbus_poll,response,md,1779946589.962990
32,PLC7,PLC7_T5,2.615549,modbus_poll,response,md,1779946589.962990
32,PLC8,PLC8_T6,5.387505,modbus_poll,response,md,1779946589.962990
32,PLC9,PLC9_T7,2.553628,modbus_poll,response,md,1779946589.962990
33,PLC1,PLC1_J269,35.136238,modbus_poll,response,md,1779946590.307903
33,PLC1,PLC1_J280,2.975503,modbus_poll,response,md,1779946590.307903
33,PLC1,PLC1_PU1F,95.971275,modbus_poll,response,md,1779946590.307903
33,PLC1,PLC1_PU2F,95.990089,modbus_poll,response,md,1779946590.307903
33,PLC2,PLC2_T1,2.798521,modbus_poll,response,md,1779946590.307903
33,PLC3,PLC3_J14,28.921774,modbus_poll,response,md,1779946590.307903
33,PLC3,PLC3_J256,91.738930,modbus_poll,response,md,1779946590.307903
33,PLC3,PLC3_J289,25.942331,modbus_poll,response,md,1779946590.307903
33,PLC3,PLC3_J300,25.885668,modbus_poll,response,md,1779946590.307903
33,PLC3,PLC3_J415,87.503662,modbus_poll,response,md,1779946590.307903
33,PLC3,PLC3_J422,28.021774,modbus_poll,response,md,1779946590.307903
33,PLC3,PLC3_PU4F,32.725246,modbus_poll,response,md,1779946590.307903
33,PLC3,PLC3_PU5F,0.000000,modbus_poll,response,md,1779946590.307903
33,PLC3,PLC3_PU6F,0.000000,modbus_poll,response,md,1779946590.307903
33,PLC3,PLC3_PU7F,47.758564,modbus_poll,response,md,1779946590.307903
33,PLC3,PLC3_T2,1.015212,modbus_poll,response,md,1779946590.307903
33,PLC3,PLC3_V2F,103.008163,modbus_poll,response,md,1779946590.307903
33,PLC4,PLC4_T3,4.238952,modbus_poll,response,md,1779946590.307903
33,PLC4,PLC4_T4,3.732305,modbus_poll,response,md,1779946590.307903
33,PLC5,PLC5_J302,21.405327,modbus_poll,response,md,1779946590.307903
33,PLC5,PLC5_J306,84.152084,modbus_poll,response,md,1779946590.307903
33,PLC5,PLC5_J307,21.295803,modbus_poll,response,md,1779946590.307903
33,PLC5,PLC5_J317,69.814323,modbus_poll,response,md,1779946590.307903
33,PLC5,PLC5_PU10F,30.456255,modbus_poll,response,md,1779946590.307903
33,PLC5,PLC5_PU11F,0.000000,modbus_poll,response,md,1779946590.307903
33,PLC5,PLC5_PU8F,34.547798,modbus_poll,response,md,1779946590.307903
33,PLC7,PLC7_T5,2.671772,modbus_poll,response,md,1779946590.307903
33,PLC8,PLC8_T6,5.413326,modbus_poll,response,md,1779946590.307903
33,PLC9,PLC9_T7,2.614908,modbus_poll,response,md,1779946590.307903
34,PLC1,PLC1_J269,35.133720,modbus_poll,response,md,1779946590.655586
34,PLC1,PLC1_J280,2.975501,modbus_poll,response,md,1779946590.655586
34,PLC1,PLC1_PU1F,95.975975,modbus_poll,response,md,1779946590.655586
34,PLC1,PLC1_PU2F,95.994789,modbus_poll,response,md,1779946590.655586
34,PLC2,PLC2_T1,2.789415,modbus_poll,response,md,1779946590.655586
34,PLC3,PLC3_J14,28.936768,modbus_poll,response,md,1779946590.655586
34,PLC3,PLC3_J256,91.772850,modbus_poll,response,md,1779946590.655586
34,PLC3,PLC3_J289,25.958612,modbus_poll,response,md,1779946590.655586
34,PLC3,PLC3_J300,25.901989,modbus_poll,response,md,1779946590.655586
34,PLC3,PLC3_J415,87.543869,modbus_poll,response,md,1779946590.655586
34,PLC3,PLC3_J422,28.036766,modbus_poll,response,md,1779946590.655586
34,PLC3,PLC3_PU4F,32.714149,modbus_poll,response,md,1779946590.655586
34,PLC3,PLC3_PU5F,0.000000,modbus_poll,response,md,1779946590.655586
34,PLC3,PLC3_PU6F,0.000000,modbus_poll,response,md,1779946590.655586
34,PLC3,PLC3_PU7F,47.745380,modbus_poll,response,md,1779946590.655586
34,PLC3,PLC3_T2,1.035137,modbus_poll,response,md,1779946590.655586
34,PLC3,PLC3_V2F,102.868011,modbus_poll,response,md,1779946590.655586
34,PLC4,PLC4_T3,4.285151,modbus_poll,response,md,1779946590.655586
34,PLC4,PLC4_T4,3.782951,modbus_poll,response,md,1779946590.655586
34,PLC5,PLC5_J302,21.406462,modbus_poll,response,md,1779946590.655586
34,PLC5,PLC5_J306,84.185547,modbus_poll,response,md,1779946590.655586
34,PLC5,PLC5_J307,21.297018,modbus_poll,response,md,1779946590.655586
34,PLC5,PLC5_J317,69.855270,modbus_poll,response,md,1779946590.655586
34,PLC5,PLC5_PU10F,30.444145,modbus_poll,response,md,1779946590.655586
34,PLC5,PLC5_PU11F,0.000000,modbus_poll,response,md,1779946590.655586
34,PLC5,PLC5_PU8F,34.528732,modbus_poll,response,md,1779946590.655586
34,PLC7,PLC7_T5,2.727944,modbus_poll,response,md,1779946590.655586
34,PLC8,PLC8_T6,5.439188,modbus_poll,response,md,1779946590.655586
34,PLC9,PLC9_T7,2.676040,modbus_poll,response,md,1779946590.655586
35,PLC1,PLC1_J269,35.131233,modbus_poll,response,md,1779946591.003194
35,PLC1,PLC1_J280,2.975499,modbus_poll,response,md,1779946591.003194
35,PLC1,PLC1_PU1F,95.980621,modbus_poll,response,md,1779946591.003194
35,PLC1,PLC1_PU2F,95.999435,modbus_poll,response,md,1779946591.003194
35,PLC2,PLC2_T1,2.780380,modbus_poll,response,md,1779946591.003194
35,PLC3,PLC3_J14,28.951700,modbus_poll,response,md,1779946591.003194
35,PLC3,PLC3_J256,91.806732,modbus_poll,response,md,1779946591.003194
35,PLC3,PLC3_J289,25.974829,modbus_poll,response,md,1779946591.003194
35,PLC3,PLC3_J300,25.918245,modbus_poll,response,md,1779946591.003194
35,PLC3,PLC3_J415,87.583992,modbus_poll,response,md,1779946591.003194
35,PLC3,PLC3_J422,28.051699,modbus_poll,response,md,1779946591.003194
35,PLC3,PLC3_PU4F,32.703033,modbus_poll,response,md,1779946591.003194
35,PLC3,PLC3_PU5F,0.000000,modbus_poll,response,md,1779946591.003194
35,PLC3,PLC3_PU6F,0.000000,modbus_poll,response,md,1779946591.003194
35,PLC3,PLC3_PU7F,47.732201,modbus_poll,response,md,1779946591.003194
35,PLC3,PLC3_T2,1.054959,modbus_poll,response,md,1779946591.003194
35,PLC3,PLC3_V2F,102.728432,modbus_poll,response,md,1779946591.003194
35,PLC4,PLC4_T3,4.331329,modbus_poll,response,md,1779946591.003194
35,PLC4,PLC4_T4,3.833560,modbus_poll,response,md,1779946591.003194
35,PLC5,PLC5_J302,21.407629,modbus_poll,response,md,1779946591.003194
35,PLC5,PLC5_J306,84.218994,modbus_poll,response,md,1779946591.003194
35,PLC5,PLC5_J307,21.298265,modbus_poll,response,md,1779946591.003194
35,PLC5,PLC5_J317,69.896156,modbus_poll,response,md,1779946591.003194
35,PLC5,PLC5_PU10F,30.432055,modbus_poll,response,md,1779946591.003194
35,PLC5,PLC5_PU11F,0.000000,modbus_poll,response,md,1779946591.003194
35,PLC5,PLC5_PU8F,34.509682,modbus_poll,response,md,1779946591.003194
35,PLC7,PLC7_T5,2.784064,modbus_poll,response,md,1779946591.003194
35,PLC8,PLC8_T6,5.465090,modbus_poll,response,md,1779946591.003194
35,PLC9,PLC9_T7,2.737028,modbus_poll,response,md,1779946591.003194
36,PLC1,PLC1_J269,35.128765,modbus_poll,response,md,1779946591.348496
36,PLC1,PLC1_J280,2.975497,modbus_poll,response,md,1779946591.348496
36,PLC1,PLC1_PU1F,95.985229,modbus_poll,response,md,1779946591.348496
36,PLC1,PLC1_PU2F,96.004051,modbus_poll,response,md,1779946591.348496
36,PLC2,PLC2_T1,2.771414,modbus_poll,response,md,1779946591.348496
36,PLC3,PLC3_J14,28.966572,modbus_poll,response,md,1779946591.348496
36,PLC3,PLC3_J256,91.840576,modbus_poll,response,md,1779946591.348496
36,PLC3,PLC3_J289,25.990980,modbus_poll,response,md,1779946591.348496
36,PLC3,PLC3_J300,25.934437,modbus_poll,response,md,1779946591.348496
36,PLC3,PLC3_J415,87.624084,modbus_poll,response,md,1779946591.348496
36,PLC3,PLC3_J422,28.066572,modbus_poll,response,md,1779946591.348496
36,PLC3,PLC3_PU4F,32.691895,modbus_poll,response,md,1779946591.348496
36,PLC3,PLC3_PU5F,0.000000,modbus_poll,response,md,1779946591.348496
36,PLC3,PLC3_PU6F,0.000000,modbus_poll,response,md,1779946591.348496
36,PLC3,PLC3_PU7F,47.718994,modbus_poll,response,md,1779946591.348496
36,PLC3,PLC3_T2,1.074679,modbus_poll,response,md,1779946591.348496
36,PLC3,PLC3_V2F,102.589417,modbus_poll,response,md,1779946591.348496
36,PLC4,PLC4_T3,4.377484,modbus_poll,response,md,1779946591.348496
36,PLC4,PLC4_T4,3.884132,modbus_poll,response,md,1779946591.348496
36,PLC5,PLC5_J302,21.408827,modbus_poll,response,md,1779946591.348496
36,PLC5,PLC5_J306,84.252419,modbus_poll,response,md,1779946591.348496
36,PLC5,PLC5_J307,21.299545,modbus_poll,response,md,1779946591.348496
36,PLC5,PLC5_J317,69.937004,modbus_poll,response,md,1779946591.348496
36,PLC5,PLC5_PU10F,30.419983,modbus_poll,response,md,1779946591.348496
36,PLC5,PLC5_PU11F,0.000000,modbus_poll,response,md,1779946591.348496
36,PLC5,PLC5_PU8F,34.490650,modbus_poll,response,md,1779946591.348496
36,PLC7,PLC7_T5,2.840132,modbus_poll,response,md,1779946591.348496
36,PLC8,PLC8_T6,5.491033,modbus_poll,response,md,1779946591.348496
36,PLC9,PLC9_T7,2.797870,modbus_poll,response,md,1779946591.348496
37,PLC1,PLC1_J269,35.135887,modbus_poll,response,md,1779946591.699457
37,PLC1,PLC1_J280,2.975503,modbus_poll,response,md,1779946591.699457
37,PLC1,PLC1_PU1F,95.971924,modbus_poll,response,md,1779946591.699457
37,PLC1,PLC1_PU2F,95.990738,modbus_poll,response,md,1779946591.699457
37,PLC2,PLC2_T1,2.768331,modbus_poll,response,md,1779946591.699457
37,PLC3,PLC3_J14,28.974638,modbus_poll,response,md,1779946591.699457
37,PLC3,PLC3_J256,91.853271,modbus_poll,response,md,1779946591.699457
37,PLC3,PLC3_J289,25.998936,modbus_poll,response,md,1779946591.699457
37,PLC3,PLC3_J300,25.942402,modbus_poll,response,md,1779946591.699457
37,PLC3,PLC3_J415,87.638687,modbus_poll,response,md,1779946591.699457
37,PLC3,PLC3_J422,28.074638,modbus_poll,response,md,1779946591.699457
37,PLC3,PLC3_PU4F,32.688908,modbus_poll,response,md,1779946591.699457
37,PLC3,PLC3_PU5F,0.000000,modbus_poll,response,md,1779946591.699457
37,PLC3,PLC3_PU6F,0.000000,modbus_poll,response,md,1779946591.699457
37,PLC3,PLC3_PU7F,47.715324,modbus_poll,response,md,1779946591.699457
37,PLC3,PLC3_T2,1.081481,modbus_poll,response,md,1779946591.699457
37,PLC3,PLC3_V2F,102.614815,modbus_poll,response,md,1779946591.699457
37,PLC4,PLC4_T3,4.393476,modbus_poll,response,md,1779946591.699457
37,PLC4,PLC4_T4,3.901650,modbus_poll,response,md,1779946591.699457
37,PLC5,PLC5_J302,21.682455,modbus_poll,response,md,1779946591.699457
37,PLC5,PLC5_J306,84.374847,modbus_poll,response,md,1779946591.699457
37,PLC5,PLC5_J307,21.580860,modbus_poll,response,md,1779946591.699457
37,PLC5,PLC5_J317,73.963516,modbus_poll,response,md,1779946591.699457
37,PLC5,PLC5_PU10F,29.245253,modbus_poll,response,md,1779946591.699457
37,PLC5,PLC5_PU11F,0.000000,modbus_poll,response,md,1779946591.699457
37,PLC5,PLC5_PU8F,34.577152,modbus_poll,response,md,1779946591.699457
37,PLC7,PLC7_T5,2.859551,modbus_poll,response,md,1779946591.699457
37,PLC8,PLC8_T6,5.500000,modbus_poll,response,md,1779946591.699457
37,PLC9,PLC9_T7,2.818912,modbus_poll,response,md,1779946591.699457
38,PLC1,PLC1_J269,35.347565,modbus_poll,response,md,1779946592.045508
38,PLC1,PLC1_J280,2.975690,modbus_poll,response,md,1779946592.045508
38,PLC1,PLC1_PU1F,95.576363,modbus_poll,response,md,1779946592.045508
38,PLC1,PLC1_PU2F,95.595062,modbus_poll,response,md,1779946592.045508
38,PLC2,PLC2_T1,2.762783,modbus_poll,response,md,1779946592.045508
38,PLC3,PLC3_J14,29.067369,modbus_poll,response,md,1779946592.045508
38,PLC3,PLC3_J256,92.776756,modbus_poll,response,md,1779946592.045508
38,PLC3,PLC3_J289,26.099533,modbus_poll,response,md,1779946592.045508
38,PLC3,PLC3_J300,26.044687,modbus_poll,response,md,1779946592.045508
38,PLC3,PLC3_J415,89.076942,modbus_poll,response,md,1779946592.045508
38,PLC3,PLC3_J422,28.167370,modbus_poll,response,md,1779946592.045508
38,PLC3,PLC3_PU4F,32.165848,modbus_poll,response,md,1779946592.045508
38,PLC3,PLC3_PU5F,0.000000,modbus_poll,response,md,1779946592.045508
38,PLC3,PLC3_PU6F,0.000000,modbus_poll,response,md,1779946592.045508
38,PLC3,PLC3_PU7F,46.967949,modbus_poll,response,md,1779946592.045508
38,PLC3,PLC3_T2,1.094317,modbus_poll,response,md,1779946592.045508
38,PLC3,PLC3_V2F,103.463234,modbus_poll,response,md,1779946592.045508
38,PLC4,PLC4_T3,4.423613,modbus_poll,response,md,1779946592.045508
38,PLC4,PLC4_T4,3.934659,modbus_poll,response,md,1779946592.045508
38,PLC5,PLC5_J302,22.119749,modbus_poll,response,md,1779946592.045508
38,PLC5,PLC5_J306,85.423714,modbus_poll,response,md,1779946592.045508
38,PLC5,PLC5_J307,22.022726,modbus_poll,response,md,1779946592.045508
38,PLC5,PLC5_J317,76.592461,modbus_poll,response,md,1779946592.045508
38,PLC5,PLC5_PU10F,28.526911,modbus_poll,response,md,1779946592.045508
38,PLC5,PLC5_PU11F,0.000000,modbus_poll,response,md,1779946592.045508
38,PLC5,PLC5_PU8F,34.213722,modbus_poll,response,md,1779946592.045508
38,PLC7,PLC7_T5,2.896302,modbus_poll,response,md,1779946592.045508
38,PLC8,PLC8_T6,5.500000,modbus_poll,response,md,1779946592.045508
38,PLC9,PLC9_T7,2.877151,modbus_poll,response,md,1779946592.045508
39,PLC1,PLC1_J269,35.346737,modbus_poll,response,md,1779946592.392351
39,PLC1,PLC1_J280,2.975689,modbus_poll,response,md,1779946592.392351
39,PLC1,PLC1_PU1F,95.577911,modbus_poll,response,md,1779946592.392351
39,PLC1,PLC1_PU2F,95.596611,modbus_poll,response,md,1779946592.392351
39,PLC2,PLC2_T1,2.757360,modbus_poll,response,md,1779946592.392351
39,PLC3,PLC3_J14,29.084206,modbus_poll,response,md,1779946592.392351
39,PLC3,PLC3_J256,92.812302,modbus_poll,response,md,1779946592.392351
39,PLC3,PLC3_J289,26.117680,modbus_poll,response,md,1779946592.392351
39,PLC3,PLC3_J300,26.062864,modbus_poll,response,md,1779946592.392351
39,PLC3,PLC3_J415,89.129219,modbus_poll,response,md,1779946592.392351
39,PLC3,PLC3_J422,28.184206,modbus_poll,response,md,1779946592.392351
39,PLC3,PLC3_PU4F,32.154678,modbus_poll,response,md,1779946592.392351
39,PLC3,PLC3_PU5F,0.000000,modbus_poll,response,md,1779946592.392351
39,PLC3,PLC3_PU6F,0.000000,modbus_poll,response,md,1779946592.392351
39,PLC3,PLC3_PU7F,46.948631,modbus_poll,response,md,1779946592.392351
39,PLC3,PLC3_T2,1.115838,modbus_poll,response,md,1779946592.392351
39,PLC3,PLC3_V2F,103.330032,modbus_poll,response,md,1779946592.392351
39,PLC4,PLC4_T3,4.471873,modbus_poll,response,md,1779946592.392351
39,PLC4,PLC4_T4,4.003202,modbus_poll,response,md,1779946592.392351
39,PLC5,PLC5_J302,22.126122,modbus_poll,response,md,1779946592.392351
39,PLC5,PLC5_J306,85.464691,modbus_poll,response,md,1779946592.392351
39,PLC5,PLC5_J307,22.029238,modbus_poll,response,md,1779946592.392351
39,PLC5,PLC5_J317,76.665184,modbus_poll,response,md,1779946592.392351
39,PLC5,PLC5_PU10F,28.504786,modbus_poll,response,md,1779946592.392351
39,PLC5,PLC5_PU11F,0.000000,modbus_poll,response,md,1779946592.392351
39,PLC5,PLC5_PU8F,34.193073,modbus_poll,response,md,1779946592.392351
39,PLC7,PLC7_T5,2.962602,modbus_poll,response,md,1779946592.392351
39,PLC8,PLC8_T6,5.500000,modbus_poll,response,md,1779946592.392351
39,PLC9,PLC9_T7,2.996173,modbus_poll,response,md,1779946592.392351
40,PLC1,PLC1_J269,35.345951,modbus_poll,response,md,1779946592.734424
40,PLC1,PLC1_J280,2.975688,modbus_poll,response,md,1779946592.734424
40,PLC1,PLC1_PU1F,95.579384,modbus_poll,response,md,1779946592.734424
40,PLC1,PLC1_PU2F,95.598083,modbus_poll,response,md,1779946592.734424
40,PLC2,PLC2_T1,2.752006,modbus_poll,response,md,1779946592.734424
40,PLC3,PLC3_J14,29.100998,modbus_poll,response,md,1779946592.734424
40,PLC3,PLC3_J256,92.847824,modbus_poll,response,md,1779946592.734424
40,PLC3,PLC3_J289,26.135777,modbus_poll,response,md,1779946592.734424
40,PLC3,PLC3_J300,26.080994,modbus_poll,response,md,1779946592.734424
40,PLC3,PLC3_J415,89.181442,modbus_poll,response,md,1779946592.734424
40,PLC3,PLC3_J422,28.200998,modbus_poll,response,md,1779946592.734424
40,PLC3,PLC3_PU4F,32.143490,modbus_poll,response,md,1779946592.734424
40,PLC3,PLC3_PU5F,0.000000,modbus_poll,response,md,1779946592.734424
40,PLC3,PLC3_PU6F,0.000000,modbus_poll,response,md,1779946592.734424
40,PLC3,PLC3_PU7F,46.929306,modbus_poll,response,md,1779946592.734424
40,PLC3,PLC3_T2,1.137269,modbus_poll,response,md,1779946592.734424
40,PLC3,PLC3_V2F,103.197388,modbus_poll,response,md,1779946592.734424
40,PLC4,PLC4_T3,4.520112,modbus_poll,response,md,1779946592.734424
40,PLC4,PLC4_T4,4.071692,modbus_poll,response,md,1779946592.734424
40,PLC5,PLC5_J302,22.133242,modbus_poll,response,md,1779946592.734424
40,PLC5,PLC5_J306,85.505943,modbus_poll,response,md,1779946592.734424
40,PLC5,PLC5_J307,22.036518,modbus_poll,response,md,1779946592.734424
40,PLC5,PLC5_J317,76.748161,modbus_poll,response,md,1779946592.734424
40,PLC5,PLC5_PU10F,28.479452,modbus_poll,response,md,1779946592.734424
40,PLC5,PLC5_PU11F,0.000000,modbus_poll,response,md,1779946592.734424
40,PLC5,PLC5_PU8F,34.172676,modbus_poll,response,md,1779946592.734424
40,PLC7,PLC7_T5,3.028846,modbus_poll,response,md,1779946592.734424
40,PLC8,PLC8_T6,5.500000,modbus_poll,response,md,1779946592.734424
40,PLC9,PLC9_T7,3.113713,modbus_poll,response,md,1779946592.734424
41,PLC1,PLC1_J269,35.345184,modbus_poll,response,md,1779946593.075320
41,PLC1,PLC1_J280,2.975688,modbus_poll,response,md,1779946593.075320
41,PLC1,PLC1_PU1F,95.580811,modbus_poll,response,md,1779946593.075320
41,PLC1,PLC1_PU2F,95.599518,modbus_poll,response,md,1779946593.075320
41,PLC2,PLC2_T1,2.746724,modbus_poll,response,md,1779946593.075320
41,PLC3,PLC3_J14,29.117739,modbus_poll,response,md,1779946593.075320
41,PLC3,PLC3_J256,92.883301,modbus_poll,response,md,1779946593.075320
41,PLC3,PLC3_J289,26.153816,modbus_poll,response,md,1779946593.075320
41,PLC3,PLC3_J300,26.099064,modbus_poll,response,md,1779946593.075320
41,PLC3,PLC3_J415,89.233589,modbus_poll,response,md,1779946593.075320
41,PLC3,PLC3_J422,28.217737,modbus_poll,response,md,1779946593.075320
41,PLC3,PLC3_PU4F,32.132286,modbus_poll,response,md,1779946593.075320
41,PLC3,PLC3_PU5F,0.000000,modbus_poll,response,md,1779946593.075320
41,PLC3,PLC3_PU6F,0.000000,modbus_poll,response,md,1779946593.075320
41,PLC3,PLC3_PU7F,46.909973,modbus_poll,response,md,1779946593.075320
41,PLC3,PLC3_T2,1.158609,modbus_poll,response,md,1779946593.075320
41,PLC3,PLC3_V2F,103.065285,modbus_poll,response,md,1779946593.075320
41,PLC4,PLC4_T3,4.568327,modbus_poll,response,md,1779946593.075320
41,PLC4,PLC4_T4,4.140126,modbus_poll,response,md,1779946593.075320
41,PLC5,PLC5_J302,22.140388,modbus_poll,response,md,1779946593.075320
41,PLC5,PLC5_J306,85.547173,modbus_poll,response,md,1779946593.075320
41,PLC5,PLC5_J307,22.043825,modbus_poll,response,md,1779946593.075320
41,PLC5,PLC5_J317,76.830948,modbus_poll,response,md,1779946593.075320
41,PLC5,PLC5_PU10F,28.454153,modbus_poll,response,md,1779946593.075320
41,PLC5,PLC5_PU11F,0.000000,modbus_poll,response,md,1779946593.075320
41,PLC5,PLC5_PU8F,34.152298,modbus_poll,response,md,1779946593.075320
41,PLC7,PLC7_T5,3.095034,modbus_poll,response,md,1779946593.075320
41,PLC8,PLC8_T6,5.500000,modbus_poll,response,md,1779946593.075320
41,PLC9,PLC9_T7,3.231062,modbus_poll,response,md,1779946593.075320
42,PLC1,PLC1_J269,35.344448,modbus_poll,response,md,1779946593.416327
42,PLC1,PLC1_J280,2.975687,modbus_poll,response,md,1779946593.416327
42,PLC1,PLC1_PU1F,95.582199,modbus_poll,response,md,1779946593.416327
42,PLC1,PLC1_PU2F,95.600899,modbus_poll,response,md,1779946593.416327
42,PLC2,PLC2_T1,2.741511,modbus_poll,response,md,1779946593.416327
42,PLC3,PLC3_J14,29.134428,modbus_poll,response,md,1779946593.416327
42,PLC3,PLC3_J256,92.918747,modbus_poll,response,md,1779946593.416327
42,PLC3,PLC3_J289,26.171801,modbus_poll,response,md,1779946593.416327
42,PLC3,PLC3_J300,26.117079,modbus_poll,response,md,1779946593.416327
42,PLC3,PLC3_J415,89.285721,modbus_poll,response,md,1779946593.416327
42,PLC3,PLC3_J422,28.234426,modbus_poll,response,md,1779946593.416327
42,PLC3,PLC3_PU4F,32.121067,modbus_poll,response,md,1779946593.416327
42,PLC3,PLC3_PU5F,0.000000,modbus_poll,response,md,1779946593.416327
42,PLC3,PLC3_PU6F,0.000000,modbus_poll,response,md,1779946593.416327
42,PLC3,PLC3_PU7F,46.890610,modbus_poll,response,md,1779946593.416327
42,PLC3,PLC3_T2,1.179860,modbus_poll,response,md,1779946593.416327
42,PLC3,PLC3_V2F,102.933708,modbus_poll,response,md,1779946593.416327
42,PLC4,PLC4_T3,4.616519,modbus_poll,response,md,1779946593.416327
42,PLC4,PLC4_T4,4.208505,modbus_poll,response,md,1779946593.416327
42,PLC5,PLC5_J302,22.147568,modbus_poll,response,md,1779946593.416327
42,PLC5,PLC5_J306,85.588387,modbus_poll,response,md,1779946593.416327
42,PLC5,PLC5_J307,22.051161,modbus_poll,response,md,1779946593.416327
42,PLC5,PLC5_J317,76.913612,modbus_poll,response,md,1779946593.416327
42,PLC5,PLC5_PU10F,28.428875,modbus_poll,response,md,1779946593.416327
42,PLC5,PLC5_PU11F,0.000000,modbus_poll,response,md,1779946593.416327
42,PLC5,PLC5_PU8F,34.131931,modbus_poll,response,md,1779946593.416327
42,PLC7,PLC7_T5,3.161168,modbus_poll,response,md,1779946593.416327
42,PLC8,PLC8_T6,5.500000,modbus_poll,response,md,1779946593.416327
42,PLC9,PLC9_T7,3.348222,modbus_poll,response,md,1779946593.416327
43,PLC1,PLC1_J269,35.343731,modbus_poll,response,md,1779946593.762789
43,PLC1,PLC1_J280,2.975686,modbus_poll,response,md,1779946593.762789
43,PLC1,PLC1_PU1F,95.583534,modbus_poll,response,md,1779946593.762789
43,PLC1,PLC1_PU2F,95.602234,modbus_poll,response,md,1779946593.762789
43,PLC2,PLC2_T1,2.736369,modbus_poll,response,md,1779946593.762789
43,PLC3,PLC3_J14,29.151064,modbus_poll,response,md,1779946593.762789
43,PLC3,PLC3_J256,92.954155,modbus_poll,response,md,1779946593.762789
43,PLC3,PLC3_J289,26.189728,modbus_poll,response,md,1779946593.762789
43,PLC3,PLC3_J300,26.135036,modbus_poll,response,md,1779946593.762789
43,PLC3,PLC3_J415,89.337769,modbus_poll,response,md,1779946593.762789
43,PLC3,PLC3_J422,28.251062,modbus_poll,response,md,1779946593.762789
43,PLC3,PLC3_PU4F,32.109829,modbus_poll,response,md,1779946593.762789
43,PLC3,PLC3_PU5F,0.000000,modbus_poll,response,md,1779946593.762789
43,PLC3,PLC3_PU6F,0.000000,modbus_poll,response,md,1779946593.762789
43,PLC3,PLC3_PU7F,46.871246,modbus_poll,response,md,1779946593.762789
43,PLC3,PLC3_T2,1.201021,modbus_poll,response,md,1779946593.762789
43,PLC3,PLC3_V2F,102.802673,modbus_poll,response,md,1779946593.762789
43,PLC4,PLC4_T3,4.664690,modbus_poll,response,md,1779946593.762789
43,PLC4,PLC4_T4,4.276831,modbus_poll,response,md,1779946593.762789
43,PLC5,PLC5_J302,22.154776,modbus_poll,response,md,1779946593.762789
43,PLC5,PLC5_J306,85.629570,modbus_poll,response,md,1779946593.762789
43,PLC5,PLC5_J307,22.058529,modbus_poll,response,md,1779946593.762789
43,PLC5,PLC5_J317,76.996147,modbus_poll,response,md,1779946593.762789
43,PLC5,PLC5_PU10F,28.403616,modbus_poll,response,md,1779946593.762789
43,PLC5,PLC5_PU11F,0.000000,modbus_poll,response,md,1779946593.762789
43,PLC5,PLC5_PU8F,34.111584,modbus_poll,response,md,1779946593.762789
43,PLC7,PLC7_T5,3.227247,modbus_poll,response,md,1779946593.762789
43,PLC8,PLC8_T6,5.500000,modbus_poll,response,md,1779946593.762789
43,PLC9,PLC9_T7,3.465193,modbus_poll,response,md,1779946593.762789
44,PLC1,PLC1_J269,35.343044,modbus_poll,response,md,1779946594.105257
44,PLC1,PLC1_J280,2.975686,modbus_poll,response,md,1779946594.105257
44,PLC1,PLC1_PU1F,95.584824,modbus_poll,response,md,1779946594.105257
44,PLC1,PLC1_PU2F,95.603523,modbus_poll,response,md,1779946594.105257
44,PLC2,PLC2_T1,2.731297,modbus_poll,response,md,1779946594.105257
44,PLC3,PLC3_J14,29.167648,modbus_poll,response,md,1779946594.105257
44,PLC3,PLC3_J256,92.989525,modbus_poll,response,md,1779946594.105257
44,PLC3,PLC3_J289,26.207598,modbus_poll,response,md,1779946594.105257
44,PLC3,PLC3_J300,26.152939,modbus_poll,response,md,1779946594.105257
44,PLC3,PLC3_J415,89.389755,modbus_poll,response,md,1779946594.105257
44,PLC3,PLC3_J422,28.267649,modbus_poll,response,md,1779946594.105257
44,PLC3,PLC3_PU4F,32.098572,modbus_poll,response,md,1779946594.105257
44,PLC3,PLC3_PU5F,0.000000,modbus_poll,response,md,1779946594.105257
44,PLC3,PLC3_PU6F,0.000000,modbus_poll,response,md,1779946594.105257
44,PLC3,PLC3_PU7F,46.851871,modbus_poll,response,md,1779946594.105257
44,PLC3,PLC3_T2,1.222093,modbus_poll,response,md,1779946594.105257
44,PLC3,PLC3_V2F,102.672165,modbus_poll,response,md,1779946594.105257
44,PLC4,PLC4_T3,4.712837,modbus_poll,response,md,1779946594.105257
44,PLC4,PLC4_T4,4.345101,modbus_poll,response,md,1779946594.105257
44,PLC5,PLC5_J302,22.162016,modbus_poll,response,md,1779946594.105257
44,PLC5,PLC5_J306,85.670746,modbus_poll,response,md,1779946594.105257
44,PLC5,PLC5_J307,22.065926,modbus_poll,response,md,1779946594.105257
44,PLC5,PLC5_J317,77.078560,modbus_poll,response,md,1779946594.105257
44,PLC5,PLC5_PU10F,28.378380,modbus_poll,response,md,1779946594.105257
44,PLC5,PLC5_PU11F,0.000000,modbus_poll,response,md,1779946594.105257
44,PLC5,PLC5_PU8F,34.091255,modbus_poll,response,md,1779946594.105257
44,PLC7,PLC7_T5,3.293270,modbus_poll,response,md,1779946594.105257
44,PLC8,PLC8_T6,5.500000,modbus_poll,response,md,1779946594.105257
44,PLC9,PLC9_T7,3.581974,modbus_poll,response,md,1779946594.105257
45,PLC1,PLC1_J269,35.342377,modbus_poll,response,md,1779946594.448607
45,PLC1,PLC1_J280,2.975685,modbus_poll,response,md,1779946594.448607
45,PLC1,PLC1_PU1F,95.586067,modbus_poll,response,md,1779946594.448607
45,PLC1,PLC1_PU2F,95.604767,modbus_poll,response,md,1779946594.448607
45,PLC2,PLC2_T1,2.726295,modbus_poll,response,md,1779946594.448607
45,PLC3,PLC3_J14,29.184183,modbus_poll,response,md,1779946594.448607
45,PLC3,PLC3_J256,93.024857,modbus_poll,response,md,1779946594.448607
45,PLC3,PLC3_J289,26.225414,modbus_poll,response,md,1779946594.448607
45,PLC3,PLC3_J300,26.170786,modbus_poll,response,md,1779946594.448607
45,PLC3,PLC3_J415,89.441689,modbus_poll,response,md,1779946594.448607
45,PLC3,PLC3_J422,28.284182,modbus_poll,response,md,1779946594.448607
45,PLC3,PLC3_PU4F,32.087303,modbus_poll,response,md,1779946594.448607
45,PLC3,PLC3_PU5F,0.000000,modbus_poll,response,md,1779946594.448607
45,PLC3,PLC3_PU6F,0.000000,modbus_poll,response,md,1779946594.448607
45,PLC3,PLC3_PU7F,46.832485,modbus_poll,response,md,1779946594.448607
45,PLC3,PLC3_T2,1.243077,modbus_poll,response,md,1779946594.448607
45,PLC3,PLC3_V2F,102.542191,modbus_poll,response,md,1779946594.448607
45,PLC4,PLC4_T3,4.760961,modbus_poll,response,md,1779946594.448607
45,PLC4,PLC4_T4,4.413317,modbus_poll,response,md,1779946594.448607
45,PLC5,PLC5_J302,22.169285,modbus_poll,response,md,1779946594.448607
45,PLC5,PLC5_J306,85.711891,modbus_poll,response,md,1779946594.448607
45,PLC5,PLC5_J307,22.073355,modbus_poll,response,md,1779946594.448607
45,PLC5,PLC5_J317,77.160843,modbus_poll,response,md,1779946594.448607
45,PLC5,PLC5_PU10F,28.353163,modbus_poll,response,md,1779946594.448607
45,PLC5,PLC5_PU11F,0.000000,modbus_poll,response,md,1779946594.448607
45,PLC5,PLC5_PU8F,34.070942,modbus_poll,response,md,1779946594.448607
45,PLC7,PLC7_T5,3.359239,modbus_poll,response,md,1779946594.448607
45,PLC8,PLC8_T6,5.500000,modbus_poll,response,md,1779946594.448607
45,PLC9,PLC9_T7,3.698566,modbus_poll,response,md,1779946594.448607
46,PLC1,PLC1_J269,35.341736,modbus_poll,response,md,1779946594.791389
46,PLC1,PLC1_J280,2.975684,modbus_poll,response,md,1779946594.791389
46,PLC1,PLC1_PU1F,95.587265,modbus_poll,response,md,1779946594.791389
46,PLC1,PLC1_PU2F,95.605972,modbus_poll,response,md,1779946594.791389
46,PLC2,PLC2_T1,2.721361,modbus_poll,response,md,1779946594.791389
46,PLC3,PLC3_J14,29.200668,modbus_poll,response,md,1779946594.791389
46,PLC3,PLC3_J256,93.060158,modbus_poll,response,md,1779946594.791389
46,PLC3,PLC3_J289,26.243176,modbus_poll,response,md,1779946594.791389
46,PLC3,PLC3_J300,26.188580,modbus_poll,response,md,1779946594.791389
46,PLC3,PLC3_J415,89.493584,modbus_poll,response,md,1779946594.791389
46,PLC3,PLC3_J422,28.300667,modbus_poll,response,md,1779946594.791389
46,PLC3,PLC3_PU4F,32.076015,modbus_poll,response,md,1779946594.791389
46,PLC3,PLC3_PU5F,0.000000,modbus_poll,response,md,1779946594.791389
46,PLC3,PLC3_PU6F,0.000000,modbus_poll,response,md,1779946594.791389
46,PLC3,PLC3_PU7F,46.813076,modbus_poll,response,md,1779946594.791389
46,PLC3,PLC3_T2,1.263973,modbus_poll,response,md,1779946594.791389
46,PLC3,PLC3_V2F,102.412735,modbus_poll,response,md,1779946594.791389
46,PLC4,PLC4_T3,4.809062,modbus_poll,response,md,1779946594.791389
46,PLC4,PLC4_T4,4.481478,modbus_poll,response,md,1779946594.791389
46,PLC5,PLC5_J302,22.176584,modbus_poll,response,md,1779946594.791389
46,PLC5,PLC5_J306,85.753021,modbus_poll,response,md,1779946594.791389
46,PLC5,PLC5_J307,22.080812,modbus_poll,response,md,1779946594.791389
46,PLC5,PLC5_J317,77.243011,modbus_poll,response,md,1779946594.791389
46,PLC5,PLC5_PU10F,28.327967,modbus_poll,response,md,1779946594.791389
46,PLC5,PLC5_PU11F,0.000000,modbus_poll,response,md,1779946594.791389
46,PLC5,PLC5_PU8F,34.050644,modbus_poll,response,md,1779946594.791389
46,PLC7,PLC7_T5,3.425153,modbus_poll,response,md,1779946594.791389
46,PLC8,PLC8_T6,5.500000,modbus_poll,response,md,1779946594.791389
46,PLC9,PLC9_T7,3.814969,modbus_poll,response,md,1779946594.791389
47,PLC1,PLC1_J269,35.341118,modbus_poll,response,md,1779946595.138128
47,PLC1,PLC1_J280,2.975684,modbus_poll,response,md,1779946595.138128
47,PLC1,PLC1_PU1F,95.588417,modbus_poll,response,md,1779946595.138128
47,PLC1,PLC1_PU2F,95.607117,modbus_poll,response,md,1779946595.138128
47,PLC2,PLC2_T1,2.716497,modbus_poll,response,md,1779946595.138128
47,PLC3,PLC3_J14,29.217100,modbus_poll,response,md,1779946595.138128
47,PLC3,PLC3_J256,93.095413,modbus_poll,response,md,1779946595.138128
47,PLC3,PLC3_J289,26.260880,modbus_poll,response,md,1779946595.138128
47,PLC3,PLC3_J300,26.206314,modbus_poll,response,md,1779946595.138128
47,PLC3,PLC3_J415,89.545395,modbus_poll,response,md,1779946595.138128
47,PLC3,PLC3_J422,28.317099,modbus_poll,response,md,1779946595.138128
47,PLC3,PLC3_PU4F,32.064709,modbus_poll,response,md,1779946595.138128
47,PLC3,PLC3_PU5F,0.000000,modbus_poll,response,md,1779946595.138128
47,PLC3,PLC3_PU6F,0.000000,modbus_poll,response,md,1779946595.138128
47,PLC3,PLC3_PU7F,46.793671,modbus_poll,response,md,1779946595.138128
47,PLC3,PLC3_T2,1.284782,modbus_poll,response,md,1779946595.138128
47,PLC3,PLC3_V2F,102.283829,modbus_poll,response,md,1779946595.138128
47,PLC4,PLC4_T3,4.857141,modbus_poll,response,md,1779946595.138128
47,PLC4,PLC4_T4,4.549585,modbus_poll,response,md,1779946595.138128
47,PLC5,PLC5_J302,22.183914,modbus_poll,response,md,1779946595.138128
47,PLC5,PLC5_J306,85.794128,modbus_poll,response,md,1779946595.138128
47,PLC5,PLC5_J307,22.088299,modbus_poll,response,md,1779946595.138128
47,PLC5,PLC5_J317,77.325043,modbus_poll,response,md,1779946595.138128
47,PLC5,PLC5_PU10F,28.302794,modbus_poll,response,md,1779946595.138128
47,PLC5,PLC5_PU11F,0.000000,modbus_poll,response,md,1779946595.138128
47,PLC5,PLC5_PU8F,34.030361,modbus_poll,response,md,1779946595.138128
47,PLC7,PLC7_T5,3.491012,modbus_poll,response,md,1779946595.138128
47,PLC8,PLC8_T6,5.500000,modbus_poll,response,md,1779946595.138128
47,PLC9,PLC9_T7,3.931183,modbus_poll,response,md,1779946595.138128
48,PLC1,PLC1_J269,35.510536,modbus_poll,response,md,1779946595.480728
48,PLC1,PLC1_J280,2.975833,modbus_poll,response,md,1779946595.480728
48,PLC1,PLC1_PU1F,95.271416,modbus_poll,response,md,1779946595.480728
48,PLC1,PLC1_PU2F,95.290031,modbus_poll,response,md,1779946595.480728
48,PLC2,PLC2_T1,2.711702,modbus_poll,response,md,1779946595.480728
48,PLC3,PLC3_J14,31.037487,modbus_poll,response,md,1779946595.480728
48,PLC3,PLC3_J256,94.070938,modbus_poll,response,md,1779946595.480728
48,PLC3,PLC3_J289,28.545332,modbus_poll,response,md,1779946595.480728
48,PLC3,PLC3_J300,28.450670,modbus_poll,response,md,1779946595.480728
48,PLC3,PLC3_J415,69.739601,modbus_poll,response,md,1779946595.480728
48,PLC3,PLC3_J422,30.137487,modbus_poll,response,md,1779946595.480728
48,PLC3,PLC3_PU4F,32.871716,modbus_poll,response,md,1779946595.480728
48,PLC3,PLC3_PU5F,0.000000,modbus_poll,response,md,1779946595.480728
48,PLC3,PLC3_PU6F,0.000000,modbus_poll,response,md,1779946595.480728
48,PLC3,PLC3_PU7F,0.000000,modbus_poll,response,md,1779946595.480728
48,PLC3,PLC3_T2,1.305504,modbus_poll,response,md,1779946595.480728
48,PLC3,PLC3_V2F,90.242287,modbus_poll,response,md,1779946595.480728
48,PLC4,PLC4_T3,4.905197,modbus_poll,response,md,1779946595.480728
48,PLC4,PLC4_T4,4.617637,modbus_poll,response,md,1779946595.480728
48,PLC5,PLC5_J302,22.257397,modbus_poll,response,md,1779946595.480728
48,PLC5,PLC5_J306,85.863152,modbus_poll,response,md,1779946595.480728
48,PLC5,PLC5_J307,22.161863,modbus_poll,response,md,1779946595.480728
48,PLC5,PLC5_J317,77.437248,modbus_poll,response,md,1779946595.480728
48,PLC5,PLC5_PU10F,28.289715,modbus_poll,response,md,1779946595.480728
48,PLC5,PLC5_PU11F,0.000000,modbus_poll,response,md,1779946595.480728
48,PLC5,PLC5_PU8F,34.032997,modbus_poll,response,md,1779946595.480728
48,PLC7,PLC7_T5,3.556816,modbus_poll,response,md,1779946595.480728
48,PLC8,PLC8_T6,5.500000,modbus_poll,response,md,1779946595.480728
48,PLC9,PLC9_T7,4.047209,modbus_poll,response,md,1779946595.480728
49,PLC1,PLC1_J269,35.513577,modbus_poll,response,md,1779946595.825221
49,PLC1,PLC1_J280,2.975836,modbus_poll,response,md,1779946595.825221
49,PLC1,PLC1_PU1F,95.265724,modbus_poll,response,md,1779946595.825221
49,PLC1,PLC1_PU2F,95.284332,modbus_poll,response,md,1779946595.825221
49,PLC2,PLC2_T1,2.711359,modbus_poll,response,md,1779946595.825221
49,PLC3,PLC3_J14,31.070093,modbus_poll,response,md,1779946595.825221
49,PLC3,PLC3_J256,94.114067,modbus_poll,response,md,1779946595.825221
49,PLC3,PLC3_J289,28.579443,modbus_poll,response,md,1779946595.825221
49,PLC3,PLC3_J300,28.484814,modbus_poll,response,md,1779946595.825221
49,PLC3,PLC3_J415,69.675758,modbus_poll,response,md,1779946595.825221
49,PLC3,PLC3_J422,30.170092,modbus_poll,response,md,1779946595.825221
49,PLC3,PLC3_PU4F,32.866085,modbus_poll,response,md,1779946595.825221
49,PLC3,PLC3_PU5F,0.000000,modbus_poll,response,md,1779946595.825221
49,PLC3,PLC3_PU6F,0.000000,modbus_poll,response,md,1779946595.825221
49,PLC3,PLC3_PU7F,0.000000,modbus_poll,response,md,1779946595.825221
49,PLC3,PLC3_T2,1.356253,modbus_poll,response,md,1779946595.825221
49,PLC3,PLC3_V2F,90.014580,modbus_poll,response,md,1779946595.825221
49,PLC4,PLC4_T3,4.954888,modbus_poll,response,md,1779946595.825221
49,PLC4,PLC4_T4,4.553770,modbus_poll,response,md,1779946595.825221
49,PLC5,PLC5_J302,22.267542,modbus_poll,response,md,1779946595.825221
49,PLC5,PLC5_J306,85.905426,modbus_poll,response,md,1779946595.825221
49,PLC5,PLC5_J307,22.172142,modbus_poll,response,md,1779946595.825221
49,PLC5,PLC5_J317,77.511185,modbus_poll,response,md,1779946595.825221
49,PLC5,PLC5_PU10F,28.268190,modbus_poll,response,md,1779946595.825221
49,PLC5,PLC5_PU11F,0.000000,modbus_poll,response,md,1779946595.825221
49,PLC5,PLC5_PU8F,34.013706,modbus_poll,response,md,1779946595.825221
49,PLC7,PLC7_T5,3.622627,modbus_poll,response,md,1779946595.825221
49,PLC8,PLC8_T6,5.500000,modbus_poll,response,md,1779946595.825221
49,PLC9,PLC9_T7,4.164307,modbus_poll,response,md,1779946595.825221
50,PLC1,PLC1_J269,35.639973,modbus_poll,response,md,1779946596.166327
50,PLC1,PLC1_J280,2.975947,modbus_poll,response,md,1779946596.166327
50,PLC1,PLC1_PU1F,95.028976,modbus_poll,response,md,1779946596.166327
50,PLC1,PLC1_PU2F,95.047516,modbus_poll,response,md,1779946596.166327
50,PLC2,PLC2_T1,2.711116,modbus_poll,response,md,1779946596.166327
50,PLC3,PLC3_J14,31.156118,modbus_poll,response,md,1779946596.166327
50,PLC3,PLC3_J256,94.600388,modbus_poll,response,md,1779946596.166327
50,PLC3,PLC3_J289,28.665350,modbus_poll,response,md,1779946596.166327
50,PLC3,PLC3_J300,28.572056,modbus_poll,response,md,1779946596.166327
50,PLC3,PLC3_J415,69.894913,modbus_poll,response,md,1779946596.166327
50,PLC3,PLC3_J422,30.256119,modbus_poll,response,md,1779946596.166327
50,PLC3,PLC3_PU4F,32.614685,modbus_poll,response,md,1779946596.166327
50,PLC3,PLC3_PU5F,0.000000,modbus_poll,response,md,1779946596.166327
50,PLC3,PLC3_PU6F,0.000000,modbus_poll,response,md,1779946596.166327
50,PLC3,PLC3_PU7F,0.000000,modbus_poll,response,md,1779946596.166327
50,PLC3,PLC3_T2,1.406805,modbus_poll,response,md,1779946596.166327
50,PLC3,PLC3_V2F,90.217796,modbus_poll,response,md,1779946596.166327
50,PLC4,PLC4_T3,5.004567,modbus_poll,response,md,1779946596.166327
50,PLC4,PLC4_T4,4.489903,modbus_poll,response,md,1779946596.166327
50,PLC5,PLC5_J302,22.318823,modbus_poll,response,md,1779946596.166327
50,PLC5,PLC5_J306,85.704147,modbus_poll,response,md,1779946596.166327
50,PLC5,PLC5_J307,22.223534,modbus_poll,response,md,1779946596.166327
50,PLC5,PLC5_J317,77.614517,modbus_poll,response,md,1779946596.166327
50,PLC5,PLC5_PU10F,28.250593,modbus_poll,response,md,1779946596.166327
50,PLC5,PLC5_PU11F,0.000000,modbus_poll,response,md,1779946596.166327
50,PLC5,PLC5_PU8F,34.164661,modbus_poll,response,md,1779946596.166327
50,PLC7,PLC7_T5,3.688386,modbus_poll,response,md,1779946596.166327
50,PLC8,PLC8_T6,5.500000,modbus_poll,response,md,1779946596.166327
50,PLC9,PLC9_T7,4.280073,modbus_poll,response,md,1779946596.166327
51,PLC1,PLC1_J269,35.644474,modbus_poll,response,md,1779946596.511659
51,PLC1,PLC1_J280,2.975951,modbus_poll,response,md,1779946596.511659
51,PLC1,PLC1_PU1F,95.020538,modbus_poll,response,md,1779946596.511659
51,PLC1,PLC1_PU2F,95.039078,modbus_poll,response,md,1779946596.511659
51,PLC2,PLC2_T1,2.712686,modbus_poll,response,md,1779946596.511659
51,PLC3,PLC3_J14,31.189745,modbus_poll,response,md,1779946596.511659
51,PLC3,PLC3_J256,94.644402,modbus_poll,response,md,1779946596.511659
51,PLC3,PLC3_J289,28.700415,modbus_poll,response,md,1779946596.511659
51,PLC3,PLC3_J300,28.607151,modbus_poll,response,md,1779946596.511659
51,PLC3,PLC3_J415,69.835289,modbus_poll,response,md,1779946596.511659
51,PLC3,PLC3_J422,30.289743,modbus_poll,response,md,1779946596.511659
51,PLC3,PLC3_PU4F,32.609039,modbus_poll,response,md,1779946596.511659
51,PLC3,PLC3_PU5F,0.000000,modbus_poll,response,md,1779946596.511659
51,PLC3,PLC3_PU6F,0.000000,modbus_poll,response,md,1779946596.511659
51,PLC3,PLC3_PU7F,0.000000,modbus_poll,response,md,1779946596.511659
51,PLC3,PLC3_T2,1.457760,modbus_poll,response,md,1779946596.511659
51,PLC3,PLC3_V2F,90.000786,modbus_poll,response,md,1779946596.511659
51,PLC4,PLC4_T3,5.055241,modbus_poll,response,md,1779946596.511659
51,PLC4,PLC4_T4,4.430260,modbus_poll,response,md,1779946596.511659
51,PLC5,PLC5_J302,22.331079,modbus_poll,response,md,1779946596.511659
51,PLC5,PLC5_J306,85.745728,modbus_poll,response,md,1779946596.511659
51,PLC5,PLC5_J307,22.235924,modbus_poll,response,md,1779946596.511659
51,PLC5,PLC5_J317,77.690544,modbus_poll,response,md,1779946596.511659
51,PLC5,PLC5_PU10F,28.229033,modbus_poll,response,md,1779946596.511659
51,PLC5,PLC5_PU11F,0.000000,modbus_poll,response,md,1779946596.511659
51,PLC5,PLC5_PU8F,34.147125,modbus_poll,response,md,1779946596.511659
51,PLC7,PLC7_T5,3.751196,modbus_poll,response,md,1779946596.511659
51,PLC8,PLC8_T6,5.500000,modbus_poll,response,md,1779946596.511659
51,PLC9,PLC9_T7,4.396657,modbus_poll,response,md,1779946596.511659
52,PLC1,PLC1_J269,35.649063,modbus_poll,response,md,1779946596.851009
52,PLC1,PLC1_J280,2.975955,modbus_poll,response,md,1779946596.851009
52,PLC1,PLC1_PU1F,95.011940,modbus_poll,response,md,1779946596.851009
52,PLC1,PLC1_PU2F,95.030472,modbus_poll,response,md,1779946596.851009
52,PLC2,PLC2_T1,2.714350,modbus_poll,response,md,1779946596.851009
52,PLC3,PLC3_J14,31.223337,modbus_poll,response,md,1779946596.851009
52,PLC3,PLC3_J256,94.688393,modbus_poll,response,md,1779946596.851009
52,PLC3,PLC3_J289,28.735435,modbus_poll,response,md,1779946596.851009
52,PLC3,PLC3_J300,28.642200,modbus_poll,response,md,1779946596.851009
52,PLC3,PLC3_J415,69.775642,modbus_poll,response,md,1779946596.851009
52,PLC3,PLC3_J422,30.323336,modbus_poll,response,md,1779946596.851009
52,PLC3,PLC3_PU4F,32.603382,modbus_poll,response,md,1779946596.851009
52,PLC3,PLC3_PU5F,0.000000,modbus_poll,response,md,1779946596.851009
52,PLC3,PLC3_PU6F,0.000000,modbus_poll,response,md,1779946596.851009
52,PLC3,PLC3_PU7F,0.000000,modbus_poll,response,md,1779946596.851009
52,PLC3,PLC3_T2,1.508528,modbus_poll,response,md,1779946596.851009
52,PLC3,PLC3_V2F,89.784714,modbus_poll,response,md,1779946596.851009
52,PLC4,PLC4_T3,5.105902,modbus_poll,response,md,1779946596.851009
52,PLC4,PLC4_T4,4.370617,modbus_poll,response,md,1779946596.851009
52,PLC5,PLC5_J302,22.343962,modbus_poll,response,md,1779946596.851009
52,PLC5,PLC5_J306,85.787544,modbus_poll,response,md,1779946596.851009
52,PLC5,PLC5_J307,22.248957,modbus_poll,response,md,1779946596.851009
52,PLC5,PLC5_J317,77.773827,modbus_poll,response,md,1779946596.851009
52,PLC5,PLC5_PU10F,28.205194,modbus_poll,response,md,1779946596.851009
52,PLC5,PLC5_PU11F,0.000000,modbus_poll,response,md,1779946596.851009
52,PLC5,PLC5_PU8F,34.129807,modbus_poll,response,md,1779946596.851009
52,PLC7,PLC7_T5,3.813958,modbus_poll,response,md,1779946596.851009
52,PLC8,PLC8_T6,5.500000,modbus_poll,response,md,1779946596.851009
52,PLC9,PLC9_T7,4.512130,modbus_poll,response,md,1779946596.851009
53,PLC1,PLC1_J269,35.653725,modbus_poll,response,md,1779946597.191524
53,PLC1,PLC1_J280,2.975959,modbus_poll,response,md,1779946597.191524
53,PLC1,PLC1_PU1F,95.003204,modbus_poll,response,md,1779946597.191524
53,PLC1,PLC1_PU2F,95.021736,modbus_poll,response,md,1779946597.191524
53,PLC2,PLC2_T1,2.716107,modbus_poll,response,md,1779946597.191524
53,PLC3,PLC3_J14,31.256874,modbus_poll,response,md,1779946597.191524
53,PLC3,PLC3_J256,94.732346,modbus_poll,response,md,1779946597.191524
53,PLC3,PLC3_J289,28.770391,modbus_poll,response,md,1779946597.191524
53,PLC3,PLC3_J300,28.677187,modbus_poll,response,md,1779946597.191524
53,PLC3,PLC3_J415,69.716011,modbus_poll,response,md,1779946597.191524
53,PLC3,PLC3_J422,30.356874,modbus_poll,response,md,1779946597.191524
53,PLC3,PLC3_PU4F,32.597706,modbus_poll,response,md,1779946597.191524
53,PLC3,PLC3_PU5F,0.000000,modbus_poll,response,md,1779946597.191524
53,PLC3,PLC3_PU6F,0.000000,modbus_poll,response,md,1779946597.191524
53,PLC3,PLC3_PU7F,0.000000,modbus_poll,response,md,1779946597.191524
53,PLC3,PLC3_T2,1.559110,modbus_poll,response,md,1779946597.191524
53,PLC3,PLC3_V2F,89.569565,modbus_poll,response,md,1779946597.191524
53,PLC4,PLC4_T3,5.156552,modbus_poll,response,md,1779946597.191524
53,PLC4,PLC4_T4,4.310975,modbus_poll,response,md,1779946597.191524
53,PLC5,PLC5_J302,22.356943,modbus_poll,response,md,1779946597.191524
53,PLC5,PLC5_J306,85.829369,modbus_poll,response,md,1779946597.191524
53,PLC5,PLC5_J307,22.262085,modbus_poll,response,md,1779946597.191524
53,PLC5,PLC5_J317,77.856987,modbus_poll,response,md,1779946597.191524
53,PLC5,PLC5_PU10F,28.181402,modbus_poll,response,md,1779946597.191524
53,PLC5,PLC5_PU11F,0.000000,modbus_poll,response,md,1779946597.191524
53,PLC5,PLC5_PU8F,34.112530,modbus_poll,response,md,1779946597.191524
53,PLC7,PLC7_T5,3.876674,modbus_poll,response,md,1779946597.191524
53,PLC8,PLC8_T6,5.500000,modbus_poll,response,md,1779946597.191524
53,PLC9,PLC9_T7,4.627424,modbus_poll,response,md,1779946597.191524
54,PLC1,PLC1_J269,35.658455,modbus_poll,response,md,1779946597.534300
54,PLC1,PLC1_J280,2.975963,modbus_poll,response,md,1779946597.534300
54,PLC1,PLC1_PU1F,94.994339,modbus_poll,response,md,1779946597.534300
54,PLC1,PLC1_PU2F,95.012871,modbus_poll,response,md,1779946597.534300
54,PLC2,PLC2_T1,2.717957,modbus_poll,response,md,1779946597.534300
54,PLC3,PLC3_J14,31.290356,modbus_poll,response,md,1779946597.534300
54,PLC3,PLC3_J256,94.776260,modbus_poll,response,md,1779946597.534300
54,PLC3,PLC3_J289,28.805283,modbus_poll,response,md,1779946597.534300
54,PLC3,PLC3_J300,28.712109,modbus_poll,response,md,1779946597.534300
54,PLC3,PLC3_J415,69.656357,modbus_poll,response,md,1779946597.534300
54,PLC3,PLC3_J422,30.390354,modbus_poll,response,md,1779946597.534300
54,PLC3,PLC3_PU4F,32.592007,modbus_poll,response,md,1779946597.534300
54,PLC3,PLC3_PU5F,0.000000,modbus_poll,response,md,1779946597.534300
54,PLC3,PLC3_PU6F,0.000000,modbus_poll,response,md,1779946597.534300
54,PLC3,PLC3_PU7F,0.000000,modbus_poll,response,md,1779946597.534300
54,PLC3,PLC3_T2,1.609506,modbus_poll,response,md,1779946597.534300
54,PLC3,PLC3_V2F,89.355362,modbus_poll,response,md,1779946597.534300
54,PLC4,PLC4_T3,5.207191,modbus_poll,response,md,1779946597.534300
54,PLC4,PLC4_T4,4.251332,modbus_poll,response,md,1779946597.534300
54,PLC5,PLC5_J302,22.370022,modbus_poll,response,md,1779946597.534300
54,PLC5,PLC5_J306,85.871208,modbus_poll,response,md,1779946597.534300
54,PLC5,PLC5_J307,22.275312,modbus_poll,response,md,1779946597.534300
54,PLC5,PLC5_J317,77.940041,modbus_poll,response,md,1779946597.534300
54,PLC5,PLC5_PU10F,28.157648,modbus_poll,response,md,1779946597.534300
54,PLC5,PLC5_PU11F,0.000000,modbus_poll,response,md,1779946597.534300
54,PLC5,PLC5_PU8F,34.095295,modbus_poll,response,md,1779946597.534300
54,PLC7,PLC7_T5,3.939343,modbus_poll,response,md,1779946597.534300
54,PLC8,PLC8_T6,5.500000,modbus_poll,response,md,1779946597.534300
54,PLC9,PLC9_T7,4.742540,modbus_poll,response,md,1779946597.534300
55,PLC1,PLC1_J269,35.663246,modbus_poll,response,md,1779946597.883964
55,PLC1,PLC1_J280,2.975967,modbus_poll,response,md,1779946597.883964
55,PLC1,PLC1_PU1F,94.985359,modbus_poll,response,md,1779946597.883964
55,PLC1,PLC1_PU2F,95.003891,modbus_poll,response,md,1779946597.883964
55,PLC2,PLC2_T1,2.719900,modbus_poll,response,md,1779946597.883964
55,PLC3,PLC3_J14,31.323778,modbus_poll,response,md,1779946597.883964
55,PLC3,PLC3_J256,94.820152,modbus_poll,response,md,1779946597.883964
55,PLC3,PLC3_J289,28.840107,modbus_poll,response,md,1779946597.883964
55,PLC3,PLC3_J300,28.746964,modbus_poll,response,md,1779946597.883964
55,PLC3,PLC3_J415,69.596718,modbus_poll,response,md,1779946597.883964
55,PLC3,PLC3_J422,30.423779,modbus_poll,response,md,1779946597.883964
55,PLC3,PLC3_PU4F,32.586288,modbus_poll,response,md,1779946597.883964
55,PLC3,PLC3_PU5F,0.000000,modbus_poll,response,md,1779946597.883964
55,PLC3,PLC3_PU6F,0.000000,modbus_poll,response,md,1779946597.883964
55,PLC3,PLC3_PU7F,0.000000,modbus_poll,response,md,1779946597.883964
55,PLC3,PLC3_T2,1.659718,modbus_poll,response,md,1779946597.883964
55,PLC3,PLC3_V2F,89.142075,modbus_poll,response,md,1779946597.883964
55,PLC4,PLC4_T3,5.257819,modbus_poll,response,md,1779946597.883964
55,PLC4,PLC4_T4,4.191689,modbus_poll,response,md,1779946597.883964
55,PLC5,PLC5_J302,22.383198,modbus_poll,response,md,1779946597.883964
55,PLC5,PLC5_J306,85.913055,modbus_poll,response,md,1779946597.883964
55,PLC5,PLC5_J307,22.288635,modbus_poll,response,md,1779946597.883964
55,PLC5,PLC5_J317,78.023010,modbus_poll,response,md,1779946597.883964
55,PLC5,PLC5_PU10F,28.133930,modbus_poll,response,md,1779946597.883964
55,PLC5,PLC5_PU11F,0.000000,modbus_poll,response,md,1779946597.883964
55,PLC5,PLC5_PU8F,34.078098,modbus_poll,response,md,1779946597.883964
55,PLC7,PLC7_T5,4.001966,modbus_poll,response,md,1779946597.883964
55,PLC8,PLC8_T6,5.500000,modbus_poll,response,md,1779946597.883964
55,PLC9,PLC9_T7,4.857478,modbus_poll,response,md,1779946597.883964
56,PLC1,PLC1_J269,36.311531,modbus_poll,response,md,1779946598.225262
56,PLC1,PLC1_J280,2.976535,modbus_poll,response,md,1779946598.225262
56,PLC1,PLC1_PU1F,93.767532,modbus_poll,response,md,1779946598.225262
56,PLC1,PLC1_PU2F,93.785698,modbus_poll,response,md,1779946598.225262
56,PLC2,PLC2_T1,2.721935,modbus_poll,response,md,1779946598.225262
56,PLC3,PLC3_J14,31.771381,modbus_poll,response,md,1779946598.225262
56,PLC3,PLC3_J256,95.026100,modbus_poll,response,md,1779946598.225262
56,PLC3,PLC3_J289,29.254873,modbus_poll,response,md,1779946598.225262
56,PLC3,PLC3_J300,29.161032,modbus_poll,response,md,1779946598.225262
56,PLC3,PLC3_J415,69.537071,modbus_poll,response,md,1779946598.225262
56,PLC3,PLC3_J422,30.871380,modbus_poll,response,md,1779946598.225262
56,PLC3,PLC3_PU4F,32.717800,modbus_poll,response,md,1779946598.225262
56,PLC3,PLC3_PU5F,0.000000,modbus_poll,response,md,1779946598.225262
56,PLC3,PLC3_PU6F,0.000000,modbus_poll,response,md,1779946598.225262
56,PLC3,PLC3_PU7F,0.000000,modbus_poll,response,md,1779946598.225262
56,PLC3,PLC3_T2,1.709747,modbus_poll,response,md,1779946598.225262
56,PLC3,PLC3_V2F,94.031158,modbus_poll,response,md,1779946598.225262
56,PLC4,PLC4_T3,5.308434,modbus_poll,response,md,1779946598.225262
56,PLC4,PLC4_T4,4.132047,modbus_poll,response,md,1779946598.225262
56,PLC5,PLC5_J302,31.324661,modbus_poll,response,md,1779946598.225262
56,PLC5,PLC5_J306,65.164261,modbus_poll,response,md,1779946598.225262
56,PLC5,PLC5_J307,31.324661,modbus_poll,response,md,1779946598.225262
56,PLC5,PLC5_J317,61.612202,modbus_poll,response,md,1779946598.225262
56,PLC5,PLC5_PU10F,0.000000,modbus_poll,response,md,1779946598.225262
56,PLC5,PLC5_PU11F,0.000000,modbus_poll,response,md,1779946598.225262
56,PLC5,PLC5_PU8F,0.000000,modbus_poll,response,md,1779946598.225262
56,PLC7,PLC7_T5,4.064541,modbus_poll,response,md,1779946598.225262
56,PLC8,PLC8_T6,5.500000,modbus_poll,response,md,1779946598.225262
56,PLC9,PLC9_T7,4.972238,modbus_poll,response,md,1779946598.225262
57,PLC1,PLC1_J269,36.685020,modbus_poll,response,md,1779946598.571975
57,PLC1,PLC1_J280,2.976860,modbus_poll,response,md,1779946598.571975
57,PLC1,PLC1_PU1F,93.063339,modbus_poll,response,md,1779946598.571975
57,PLC1,PLC1_PU2F,93.081306,modbus_poll,response,md,1779946598.571975
57,PLC2,PLC2_T1,2.745369,modbus_poll,response,md,1779946598.571975
57,PLC3,PLC3_J14,33.713009,modbus_poll,response,md,1779946598.571975
57,PLC3,PLC3_J256,76.876854,modbus_poll,response,md,1779946598.571975
57,PLC3,PLC3_J289,31.352633,modbus_poll,response,md,1779946598.571975
57,PLC3,PLC3_J300,31.352633,modbus_poll,response,md,1779946598.571975
57,PLC3,PLC3_J415,69.477432,modbus_poll,response,md,1779946598.571975
57,PLC3,PLC3_J422,32.813011,modbus_poll,response,md,1779946598.571975
57,PLC3,PLC3_PU4F,0.000000,modbus_poll,response,md,1779946598.571975
57,PLC3,PLC3_PU5F,0.000000,modbus_poll,response,md,1779946598.571975
57,PLC3,PLC3_PU6F,0.000000,modbus_poll,response,md,1779946598.571975
57,PLC3,PLC3_PU7F,0.000000,modbus_poll,response,md,1779946598.571975
57,PLC3,PLC3_T2,1.763983,modbus_poll,response,md,1779946598.571975
57,PLC3,PLC3_V2F,82.816628,modbus_poll,response,md,1779946598.571975
57,PLC4,PLC4_T3,5.359316,modbus_poll,response,md,1779946598.571975
57,PLC4,PLC4_T4,4.072404,modbus_poll,response,md,1779946598.571975
57,PLC5,PLC5_J302,31.703854,modbus_poll,response,md,1779946598.571975
57,PLC5,PLC5_J306,65.134766,modbus_poll,response,md,1779946598.571975
57,PLC5,PLC5_J307,31.703854,modbus_poll,response,md,1779946598.571975
57,PLC5,PLC5_J317,61.553112,modbus_poll,response,md,1779946598.571975
57,PLC5,PLC5_PU10F,0.000000,modbus_poll,response,md,1779946598.571975
57,PLC5,PLC5_PU11F,0.000000,modbus_poll,response,md,1779946598.571975
57,PLC5,PLC5_PU8F,0.000000,modbus_poll,response,md,1779946598.571975
57,PLC7,PLC7_T5,4.035043,modbus_poll,response,md,1779946598.571975
57,PLC8,PLC8_T6,5.484829,modbus_poll,response,md,1779946598.571975
57,PLC9,PLC9_T7,4.898057,modbus_poll,response,md,1779946598.571975
58,PLC1,PLC1_J269,36.705818,modbus_poll,response,md,1779946598.912117
58,PLC1,PLC1_J280,2.976878,modbus_poll,response,md,1779946598.912117
58,PLC1,PLC1_PU1F,93.024071,modbus_poll,response,md,1779946598.912117
58,PLC1,PLC1_PU2F,93.042030,modbus_poll,response,md,1779946598.912117
58,PLC2,PLC2_T1,2.772627,modbus_poll,response,md,1779946598.912117
58,PLC3,PLC3_J14,33.766804,modbus_poll,response,md,1779946598.912117
58,PLC3,PLC3_J256,76.861443,modbus_poll,response,md,1779946598.912117
58,PLC3,PLC3_J289,31.407509,modbus_poll,response,md,1779946598.912117
58,PLC3,PLC3_J300,31.407509,modbus_poll,response,md,1779946598.912117
58,PLC3,PLC3_J415,69.417793,modbus_poll,response,md,1779946598.912117
58,PLC3,PLC3_J422,32.866802,modbus_poll,response,md,1779946598.912117
58,PLC3,PLC3_PU4F,0.000000,modbus_poll,response,md,1779946598.912117
58,PLC3,PLC3_PU5F,0.000000,modbus_poll,response,md,1779946598.912117
58,PLC3,PLC3_PU6F,0.000000,modbus_poll,response,md,1779946598.912117
58,PLC3,PLC3_PU7F,0.000000,modbus_poll,response,md,1779946598.912117
58,PLC3,PLC3_T2,1.837242,modbus_poll,response,md,1779946598.912117
58,PLC3,PLC3_V2F,82.637482,modbus_poll,response,md,1779946598.912117
58,PLC4,PLC4_T3,5.343906,modbus_poll,response,md,1779946598.912117
58,PLC4,PLC4_T4,4.012761,modbus_poll,response,md,1779946598.912117
58,PLC5,PLC5_J302,31.734993,modbus_poll,response,md,1779946598.912117
58,PLC5,PLC5_J306,65.105263,modbus_poll,response,md,1779946598.912117
58,PLC5,PLC5_J307,31.734993,modbus_poll,response,md,1779946598.912117
58,PLC5,PLC5_J317,61.487514,modbus_poll,response,md,1779946598.912117
58,PLC5,PLC5_PU10F,0.000000,modbus_poll,response,md,1779946598.912117
58,PLC5,PLC5_PU11F,0.000000,modbus_poll,response,md,1779946598.912117
58,PLC5,PLC5_PU8F,0.000000,modbus_poll,response,md,1779946598.912117
58,PLC7,PLC7_T5,4.005545,modbus_poll,response,md,1779946598.912117
58,PLC8,PLC8_T6,5.469444,modbus_poll,response,md,1779946598.912117
58,PLC9,PLC9_T7,4.824169,modbus_poll,response,md,1779946598.912117
59,PLC1,PLC1_J269,36.726631,modbus_poll,response,md,1779946599.256334
59,PLC1,PLC1_J280,2.976896,modbus_poll,response,md,1779946599.256334
59,PLC1,PLC1_PU1F,92.984764,modbus_poll,response,md,1779946599.256334
59,PLC1,PLC1_PU2F,93.002708,modbus_poll,response,md,1779946599.256334
59,PLC2,PLC2_T1,2.799924,modbus_poll,response,md,1779946599.256334
59,PLC3,PLC3_J14,33.820526,modbus_poll,response,md,1779946599.256334
59,PLC3,PLC3_J256,76.846031,modbus_poll,response,md,1779946599.256334
59,PLC3,PLC3_J289,31.462311,modbus_poll,response,md,1779946599.256334
59,PLC3,PLC3_J300,31.462311,modbus_poll,response,md,1779946599.256334
59,PLC3,PLC3_J415,69.358162,modbus_poll,response,md,1779946599.256334
59,PLC3,PLC3_J422,32.920525,modbus_poll,response,md,1779946599.256334
59,PLC3,PLC3_PU4F,0.000000,modbus_poll,response,md,1779946599.256334
59,PLC3,PLC3_PU5F,0.000000,modbus_poll,response,md,1779946599.256334
59,PLC3,PLC3_PU6F,0.000000,modbus_poll,response,md,1779946599.256334
59,PLC3,PLC3_PU7F,0.000000,modbus_poll,response,md,1779946599.256334
59,PLC3,PLC3_T2,1.910342,modbus_poll,response,md,1779946599.256334
59,PLC3,PLC3_V2F,82.458672,modbus_poll,response,md,1779946599.256334
59,PLC4,PLC4_T3,5.328495,modbus_poll,response,md,1779946599.256334
59,PLC4,PLC4_T4,3.953119,modbus_poll,response,md,1779946599.256334
59,PLC5,PLC5_J302,31.766161,modbus_poll,response,md,1779946599.256334
59,PLC5,PLC5_J306,65.075768,modbus_poll,response,md,1779946599.256334
59,PLC5,PLC5_J307,31.766161,modbus_poll,response,md,1779946599.256334
59,PLC5,PLC5_J317,61.428047,modbus_poll,response,md,1779946599.256334
59,PLC5,PLC5_PU10F,0.000000,modbus_poll,response,md,1779946599.256334
59,PLC5,PLC5_PU11F,0.000000,modbus_poll,response,md,1779946599.256334
59,PLC5,PLC5_PU8F,0.000000,modbus_poll,response,md,1779946599.256334
59,PLC7,PLC7_T5,3.976046,modbus_poll,response,md,1779946599.256334
59,PLC8,PLC8_T6,5.453801,modbus_poll,response,md,1779946599.256334
59,PLC9,PLC9_T7,4.749427,modbus_poll,response,md,1779946599.256334
60,PLC1,PLC1_J269,36.747459,modbus_poll,response,md,1779946599.597423
60,PLC1,PLC1_J280,2.976914,modbus_poll,response,md,1779946599.597423
60,PLC1,PLC1_PU1F,92.945427,modbus_poll,response,md,1779946599.597423
60,PLC1,PLC1_PU2F,92.963364,modbus_poll,response,md,1779946599.597423
60,PLC2,PLC2_T1,2.827260,modbus_poll,response,md,1779946599.597423
60,PLC3,PLC3_J14,33.874176,modbus_poll,response,md,1779946599.597423
60,PLC3,PLC3_J256,76.830627,modbus_poll,response,md,1779946599.597423
60,PLC3,PLC3_J289,31.517035,modbus_poll,response,md,1779946599.597423
60,PLC3,PLC3_J300,31.517035,modbus_poll,response,md,1779946599.597423
60,PLC3,PLC3_J415,69.298515,modbus_poll,response,md,1779946599.597423
60,PLC3,PLC3_J422,32.974174,modbus_poll,response,md,1779946599.597423
60,PLC3,PLC3_PU4F,0.000000,modbus_poll,response,md,1779946599.597423
60,PLC3,PLC3_PU5F,0.000000,modbus_poll,response,md,1779946599.597423
60,PLC3,PLC3_PU6F,0.000000,modbus_poll,response,md,1779946599.597423
60,PLC3,PLC3_PU7F,0.000000,modbus_poll,response,md,1779946599.597423
60,PLC3,PLC3_T2,1.983283,modbus_poll,response,md,1779946599.597423
60,PLC3,PLC3_V2F,82.280312,modbus_poll,response,md,1779946599.597423
60,PLC4,PLC4_T3,5.313084,modbus_poll,response,md,1779946599.597423
60,PLC4,PLC4_T4,3.893476,modbus_poll,response,md,1779946599.597423
60,PLC5,PLC5_J302,31.797354,modbus_poll,response,md,1779946599.597423
60,PLC5,PLC5_J306,65.046272,modbus_poll,response,md,1779946599.597423
60,PLC5,PLC5_J307,31.797354,modbus_poll,response,md,1779946599.597423
60,PLC5,PLC5_J317,61.368572,modbus_poll,response,md,1779946599.597423
60,PLC5,PLC5_PU10F,0.000000,modbus_poll,response,md,1779946599.597423
60,PLC5,PLC5_PU11F,0.000000,modbus_poll,response,md,1779946599.597423
60,PLC5,PLC5_PU8F,0.000000,modbus_poll,response,md,1779946599.597423
60,PLC7,PLC7_T5,3.946548,modbus_poll,response,md,1779946599.597423
60,PLC8,PLC8_T6,5.437940,modbus_poll,response,md,1779946599.597423
60,PLC9,PLC9_T7,4.674983,modbus_poll,response,md,1779946599.597423
61,PLC1,PLC1_J269,36.768299,modbus_poll,response,md,1779946599.944055
61,PLC1,PLC1_J280,2.976933,modbus_poll,response,md,1779946599.944055
61,PLC1,PLC1_PU1F,92.906059,modbus_poll,response,md,1779946599.944055
61,PLC1,PLC1_PU2F,92.923988,modbus_poll,response,md,1779946599.944055
61,PLC2,PLC2_T1,2.854635,modbus_poll,response,md,1779946599.944055
61,PLC3,PLC3_J14,33.927753,modbus_poll,response,md,1779946599.944055
61,PLC3,PLC3_J256,76.815216,modbus_poll,response,md,1779946599.944055
61,PLC3,PLC3_J289,31.571680,modbus_poll,response,md,1779946599.944055
61,PLC3,PLC3_J300,31.571680,modbus_poll,response,md,1779946599.944055
61,PLC3,PLC3_J415,69.238861,modbus_poll,response,md,1779946599.944055
61,PLC3,PLC3_J422,33.027752,modbus_poll,response,md,1779946599.944055
61,PLC3,PLC3_PU4F,0.000000,modbus_poll,response,md,1779946599.944055
61,PLC3,PLC3_PU5F,0.000000,modbus_poll,response,md,1779946599.944055
61,PLC3,PLC3_PU6F,0.000000,modbus_poll,response,md,1779946599.944055
61,PLC3,PLC3_PU7F,0.000000,modbus_poll,response,md,1779946599.944055
61,PLC3,PLC3_T2,2.056067,modbus_poll,response,md,1779946599.944055
61,PLC3,PLC3_V2F,82.102409,modbus_poll,response,md,1779946599.944055
61,PLC4,PLC4_T3,5.297674,modbus_poll,response,md,1779946599.944055
61,PLC4,PLC4_T4,3.833834,modbus_poll,response,md,1779946599.944055
61,PLC5,PLC5_J302,31.828571,modbus_poll,response,md,1779946599.944055
61,PLC5,PLC5_J306,65.016769,modbus_poll,response,md,1779946599.944055
61,PLC5,PLC5_J307,31.828571,modbus_poll,response,md,1779946599.944055
61,PLC5,PLC5_J317,61.309044,modbus_poll,response,md,1779946599.944055
61,PLC5,PLC5_PU10F,0.000000,modbus_poll,response,md,1779946599.944055
61,PLC5,PLC5_PU11F,0.000000,modbus_poll,response,md,1779946599.944055
61,PLC5,PLC5_PU8F,0.000000,modbus_poll,response,md,1779946599.944055
61,PLC7,PLC7_T5,3.917050,modbus_poll,response,md,1779946599.944055
61,PLC8,PLC8_T6,5.421863,modbus_poll,response,md,1779946599.944055
61,PLC9,PLC9_T7,4.600832,modbus_poll,response,md,1779946599.944055
62,PLC1,PLC1_J269,36.695667,modbus_poll,response,md,1779946600.283775
62,PLC1,PLC1_J280,2.976869,modbus_poll,response,md,1779946600.283775
62,PLC1,PLC1_PU1F,93.043236,modbus_poll,response,md,1779946600.283775
62,PLC1,PLC1_PU2F,93.061203,modbus_poll,response,md,1779946600.283775
62,PLC2,PLC2_T1,2.882049,modbus_poll,response,md,1779946600.283775
62,PLC3,PLC3_J14,33.929806,modbus_poll,response,md,1779946600.283775
62,PLC3,PLC3_J256,76.505791,modbus_poll,response,md,1779946600.283775
62,PLC3,PLC3_J289,31.577660,modbus_poll,response,md,1779946600.283775
62,PLC3,PLC3_J300,31.577660,modbus_poll,response,md,1779946600.283775
62,PLC3,PLC3_J415,69.211449,modbus_poll,response,md,1779946600.283775
62,PLC3,PLC3_J422,33.029804,modbus_poll,response,md,1779946600.283775
62,PLC3,PLC3_PU4F,0.000000,modbus_poll,response,md,1779946600.283775
62,PLC3,PLC3_PU5F,0.000000,modbus_poll,response,md,1779946600.283775
62,PLC3,PLC3_PU6F,0.000000,modbus_poll,response,md,1779946600.283775
62,PLC3,PLC3_PU7F,0.000000,modbus_poll,response,md,1779946600.283775
62,PLC3,PLC3_T2,2.128693,modbus_poll,response,md,1779946600.283775
62,PLC3,PLC3_V2F,81.445702,modbus_poll,response,md,1779946600.283775
62,PLC4,PLC4_T3,5.282263,modbus_poll,response,md,1779946600.283775
62,PLC4,PLC4_T4,3.774191,modbus_poll,response,md,1779946600.283775
62,PLC5,PLC5_J302,31.789686,modbus_poll,response,md,1779946600.283775
62,PLC5,PLC5_J306,64.955315,modbus_poll,response,md,1779946600.283775
62,PLC5,PLC5_J307,31.789686,modbus_poll,response,md,1779946600.283775
62,PLC5,PLC5_J317,61.179321,modbus_poll,response,md,1779946600.283775
62,PLC5,PLC5_PU10F,0.000000,modbus_poll,response,md,1779946600.283775
62,PLC5,PLC5_PU11F,0.000000,modbus_poll,response,md,1779946600.283775
62,PLC5,PLC5_PU8F,0.000000,modbus_poll,response,md,1779946600.283775
62,PLC7,PLC7_T5,3.887551,modbus_poll,response,md,1779946600.283775
62,PLC8,PLC8_T6,5.405574,modbus_poll,response,md,1779946600.283775
62,PLC9,PLC9_T7,4.526970,modbus_poll,response,md,1779946600.283775
63,PLC1,PLC1_J269,36.716137,modbus_poll,response,md,1779946600.629022
63,PLC1,PLC1_J280,2.976887,modbus_poll,response,md,1779946600.629022
63,PLC1,PLC1_PU1F,93.004578,modbus_poll,response,md,1779946600.629022
63,PLC1,PLC1_PU2F,93.022530,modbus_poll,response,md,1779946600.629022
63,PLC2,PLC2_T1,2.908785,modbus_poll,response,md,1779946600.629022
63,PLC3,PLC3_J14,33.982719,modbus_poll,response,md,1779946600.629022
63,PLC3,PLC3_J256,76.488693,modbus_poll,response,md,1779946600.629022
63,PLC3,PLC3_J289,31.631636,modbus_poll,response,md,1779946600.629022
63,PLC3,PLC3_J300,31.631636,modbus_poll,response,md,1779946600.629022
63,PLC3,PLC3_J415,69.152298,modbus_poll,response,md,1779946600.629022
63,PLC3,PLC3_J422,33.082718,modbus_poll,response,md,1779946600.629022
63,PLC3,PLC3_PU4F,0.000000,modbus_poll,response,md,1779946600.629022
63,PLC3,PLC3_PU5F,0.000000,modbus_poll,response,md,1779946600.629022
63,PLC3,PLC3_PU6F,0.000000,modbus_poll,response,md,1779946600.629022
63,PLC3,PLC3_PU7F,0.000000,modbus_poll,response,md,1779946600.629022
63,PLC3,PLC3_T2,2.200739,modbus_poll,response,md,1779946600.629022
63,PLC3,PLC3_V2F,81.267097,modbus_poll,response,md,1779946600.629022
63,PLC4,PLC4_T3,5.265162,modbus_poll,response,md,1779946600.629022
63,PLC4,PLC4_T4,3.715045,modbus_poll,response,md,1779946600.629022
63,PLC5,PLC5_J302,31.820265,modbus_poll,response,md,1779946600.629022
63,PLC5,PLC5_J306,64.925095,modbus_poll,response,md,1779946600.629022
63,PLC5,PLC5_J307,31.820265,modbus_poll,response,md,1779946600.629022
63,PLC5,PLC5_J317,61.112156,modbus_poll,response,md,1779946600.629022
63,PLC5,PLC5_PU10F,0.000000,modbus_poll,response,md,1779946600.629022
63,PLC5,PLC5_PU11F,0.000000,modbus_poll,response,md,1779946600.629022
63,PLC5,PLC5_PU8F,0.000000,modbus_poll,response,md,1779946600.629022
63,PLC7,PLC7_T5,3.857334,modbus_poll,response,md,1779946600.629022
63,PLC8,PLC8_T6,5.388692,modbus_poll,response,md,1779946600.629022
63,PLC9,PLC9_T7,4.452105,modbus_poll,response,md,1779946600.629022
64,PLC1,PLC1_J269,36.736629,modbus_poll,response,md,1779946600.970884
64,PLC1,PLC1_J280,2.976905,modbus_poll,response,md,1779946600.970884
64,PLC1,PLC1_PU1F,92.965881,modbus_poll,response,md,1779946600.970884
64,PLC1,PLC1_PU2F,92.983818,modbus_poll,response,md,1779946600.970884
64,PLC2,PLC2_T1,2.935561,modbus_poll,response,md,1779946600.970884
64,PLC3,PLC3_J14,34.035564,modbus_poll,response,md,1779946600.970884
64,PLC3,PLC3_J256,76.471588,modbus_poll,response,md,1779946600.970884
64,PLC3,PLC3_J289,31.685541,modbus_poll,response,md,1779946600.970884
64,PLC3,PLC3_J300,31.685541,modbus_poll,response,md,1779946600.970884
64,PLC3,PLC3_J415,69.093155,modbus_poll,response,md,1779946600.970884
64,PLC3,PLC3_J422,33.135563,modbus_poll,response,md,1779946600.970884
64,PLC3,PLC3_PU4F,0.000000,modbus_poll,response,md,1779946600.970884
64,PLC3,PLC3_PU5F,0.000000,modbus_poll,response,md,1779946600.970884
64,PLC3,PLC3_PU6F,0.000000,modbus_poll,response,md,1779946600.970884
64,PLC3,PLC3_PU7F,0.000000,modbus_poll,response,md,1779946600.970884
64,PLC3,PLC3_T2,2.272626,modbus_poll,response,md,1779946600.970884
64,PLC3,PLC3_V2F,81.088844,modbus_poll,response,md,1779946600.970884
64,PLC4,PLC4_T3,5.248060,modbus_poll,response,md,1779946600.970884
64,PLC4,PLC4_T4,3.655900,modbus_poll,response,md,1779946600.970884
64,PLC5,PLC5_J302,31.850874,modbus_poll,response,md,1779946600.970884
64,PLC5,PLC5_J306,64.894882,modbus_poll,response,md,1779946600.970884
64,PLC5,PLC5_J307,31.850874,modbus_poll,response,md,1779946600.970884
64,PLC5,PLC5_J317,61.050709,modbus_poll,response,md,1779946600.970884
64,PLC5,PLC5_PU10F,0.000000,modbus_poll,response,md,1779946600.970884
64,PLC5,PLC5_PU11F,0.000000,modbus_poll,response,md,1779946600.970884
64,PLC5,PLC5_PU8F,0.000000,modbus_poll,response,md,1779946600.970884
64,PLC7,PLC7_T5,3.827116,modbus_poll,response,md,1779946600.970884
64,PLC8,PLC8_T6,5.371572,modbus_poll,response,md,1779946600.970884
64,PLC9,PLC9_T7,4.376506,modbus_poll,response,md,1779946600.970884
65,PLC1,PLC1_J269,36.757133,modbus_poll,response,md,1779946601.316211
65,PLC1,PLC1_J280,2.976923,modbus_poll,response,md,1779946601.316211
65,PLC1,PLC1_PU1F,92.927155,modbus_poll,response,md,1779946601.316211
65,PLC1,PLC1_PU2F,92.945084,modbus_poll,response,md,1779946601.316211
65,PLC2,PLC2_T1,2.962376,modbus_poll,response,md,1779946601.316211
65,PLC3,PLC3_J14,34.088337,modbus_poll,response,md,1779946601.316211
65,PLC3,PLC3_J256,76.454491,modbus_poll,response,md,1779946601.316211
65,PLC3,PLC3_J289,31.739368,modbus_poll,response,md,1779946601.316211
65,PLC3,PLC3_J300,31.739368,modbus_poll,response,md,1779946601.316211
65,PLC3,PLC3_J415,69.034004,modbus_poll,response,md,1779946601.316211
65,PLC3,PLC3_J422,33.188335,modbus_poll,response,md,1779946601.316211
65,PLC3,PLC3_PU4F,0.000000,modbus_poll,response,md,1779946601.316211
65,PLC3,PLC3_PU5F,0.000000,modbus_poll,response,md,1779946601.316211
65,PLC3,PLC3_PU6F,0.000000,modbus_poll,response,md,1779946601.316211
65,PLC3,PLC3_PU7F,0.000000,modbus_poll,response,md,1779946601.316211
65,PLC3,PLC3_T2,2.344356,modbus_poll,response,md,1779946601.316211
65,PLC3,PLC3_V2F,80.911041,modbus_poll,response,md,1779946601.316211
65,PLC4,PLC4_T3,5.230958,modbus_poll,response,md,1779946601.316211
65,PLC4,PLC4_T4,3.596754,modbus_poll,response,md,1779946601.316211
65,PLC5,PLC5_J302,31.881508,modbus_poll,response,md,1779946601.316211
65,PLC5,PLC5_J306,64.864662,modbus_poll,response,md,1779946601.316211
65,PLC5,PLC5_J307,31.881508,modbus_poll,response,md,1779946601.316211
65,PLC5,PLC5_J317,60.989277,modbus_poll,response,md,1779946601.316211
65,PLC5,PLC5_PU10F,0.000000,modbus_poll,response,md,1779946601.316211
65,PLC5,PLC5_PU11F,0.000000,modbus_poll,response,md,1779946601.316211
65,PLC5,PLC5_PU8F,0.000000,modbus_poll,response,md,1779946601.316211
65,PLC7,PLC7_T5,3.796898,modbus_poll,response,md,1779946601.316211
65,PLC8,PLC8_T6,5.354249,modbus_poll,response,md,1779946601.316211
65,PLC9,PLC9_T7,4.301186,modbus_poll,response,md,1779946601.316211
66,PLC1,PLC1_J269,36.777649,modbus_poll,response,md,1779946601.661744
66,PLC1,PLC1_J280,2.976941,modbus_poll,response,md,1779946601.661744
66,PLC1,PLC1_PU1F,92.888397,modbus_poll,response,md,1779946601.661744
66,PLC1,PLC1_PU2F,92.906311,modbus_poll,response,md,1779946601.661744
66,PLC2,PLC2_T1,2.989230,modbus_poll,response,md,1779946601.661744
66,PLC3,PLC3_J14,34.141037,modbus_poll,response,md,1779946601.661744
66,PLC3,PLC3_J256,76.437386,modbus_poll,response,md,1779946601.661744
66,PLC3,PLC3_J289,31.793118,modbus_poll,response,md,1779946601.661744
66,PLC3,PLC3_J300,31.793118,modbus_poll,response,md,1779946601.661744
66,PLC3,PLC3_J415,68.974861,modbus_poll,response,md,1779946601.661744
66,PLC3,PLC3_J422,33.241035,modbus_poll,response,md,1779946601.661744
66,PLC3,PLC3_PU4F,0.000000,modbus_poll,response,md,1779946601.661744
66,PLC3,PLC3_PU5F,0.000000,modbus_poll,response,md,1779946601.661744
66,PLC3,PLC3_PU6F,0.000000,modbus_poll,response,md,1779946601.661744
66,PLC3,PLC3_PU7F,0.000000,modbus_poll,response,md,1779946601.661744
66,PLC3,PLC3_T2,2.415929,modbus_poll,response,md,1779946601.661744
66,PLC3,PLC3_V2F,80.733711,modbus_poll,response,md,1779946601.661744
66,PLC4,PLC4_T3,5.213856,modbus_poll,response,md,1779946601.661744
66,PLC4,PLC4_T4,3.537609,modbus_poll,response,md,1779946601.661744
66,PLC5,PLC5_J302,31.912167,modbus_poll,response,md,1779946601.661744
66,PLC5,PLC5_J306,64.834442,modbus_poll,response,md,1779946601.661744
66,PLC5,PLC5_J307,31.912167,modbus_poll,response,md,1779946601.661744
66,PLC5,PLC5_J317,60.927822,modbus_poll,response,md,1779946601.661744
66,PLC5,PLC5_PU10F,0.000000,modbus_poll,response,md,1779946601.661744
66,PLC5,PLC5_PU11F,0.000000,modbus_poll,response,md,1779946601.661744
66,PLC5,PLC5_PU8F,0.000000,modbus_poll,response,md,1779946601.661744
66,PLC7,PLC7_T5,3.766680,modbus_poll,response,md,1779946601.661744
66,PLC8,PLC8_T6,5.336725,modbus_poll,response,md,1779946601.661744
66,PLC9,PLC9_T7,4.226140,modbus_poll,response,md,1779946601.661744
67,PLC1,PLC1_J269,36.798176,modbus_poll,response,md,1779946602.003346
67,PLC1,PLC1_J280,2.976959,modbus_poll,response,md,1779946602.003346
67,PLC1,PLC1_PU1F,92.849617,modbus_poll,response,md,1779946602.003346
67,PLC1,PLC1_PU2F,92.867523,modbus_poll,response,md,1779946602.003346
67,PLC2,PLC2_T1,3.016123,modbus_poll,response,md,1779946602.003346
67,PLC3,PLC3_J14,34.193661,modbus_poll,response,md,1779946602.003346
67,PLC3,PLC3_J256,76.420280,modbus_poll,response,md,1779946602.003346
67,PLC3,PLC3_J289,31.846790,modbus_poll,response,md,1779946602.003346
67,PLC3,PLC3_J300,31.846790,modbus_poll,response,md,1779946602.003346
67,PLC3,PLC3_J415,68.915726,modbus_poll,response,md,1779946602.003346
67,PLC3,PLC3_J422,33.293663,modbus_poll,response,md,1779946602.003346
67,PLC3,PLC3_PU4F,0.000000,modbus_poll,response,md,1779946602.003346
67,PLC3,PLC3_PU5F,0.000000,modbus_poll,response,md,1779946602.003346
67,PLC3,PLC3_PU6F,0.000000,modbus_poll,response,md,1779946602.003346
67,PLC3,PLC3_PU7F,0.000000,modbus_poll,response,md,1779946602.003346
67,PLC3,PLC3_T2,2.487345,modbus_poll,response,md,1779946602.003346
67,PLC3,PLC3_V2F,80.556831,modbus_poll,response,md,1779946602.003346
67,PLC4,PLC4_T3,5.196754,modbus_poll,response,md,1779946602.003346
67,PLC4,PLC4_T4,3.478463,modbus_poll,response,md,1779946602.003346
67,PLC5,PLC5_J302,31.942848,modbus_poll,response,md,1779946602.003346
67,PLC5,PLC5_J306,64.804230,modbus_poll,response,md,1779946602.003346
67,PLC5,PLC5_J307,31.942848,modbus_poll,response,md,1779946602.003346
67,PLC5,PLC5_J317,60.866360,modbus_poll,response,md,1779946602.003346
67,PLC5,PLC5_PU10F,0.000000,modbus_poll,response,md,1779946602.003346
67,PLC5,PLC5_PU11F,0.000000,modbus_poll,response,md,1779946602.003346
67,PLC5,PLC5_PU8F,0.000000,modbus_poll,response,md,1779946602.003346
67,PLC7,PLC7_T5,3.736463,modbus_poll,response,md,1779946602.003346
67,PLC8,PLC8_T6,5.319002,modbus_poll,response,md,1779946602.003346
67,PLC9,PLC9_T7,4.151363,modbus_poll,response,md,1779946602.003346
68,PLC1,PLC1_J269,36.818707,modbus_poll,response,md,1779946602.343985
68,PLC1,PLC1_J280,2.976976,modbus_poll,response,md,1779946602.343985
68,PLC1,PLC1_PU1F,92.810814,modbus_poll,response,md,1779946602.343985
68,PLC1,PLC1_PU2F,92.828712,modbus_poll,response,md,1779946602.343985
68,PLC2,PLC2_T1,3.043054,modbus_poll,response,md,1779946602.343985
68,PLC3,PLC3_J14,34.246216,modbus_poll,response,md,1779946602.343985
68,PLC3,PLC3_J256,76.403183,modbus_poll,response,md,1779946602.343985
68,PLC3,PLC3_J289,31.900385,modbus_poll,response,md,1779946602.343985
68,PLC3,PLC3_J300,31.900385,modbus_poll,response,md,1779946602.343985
68,PLC3,PLC3_J415,68.856575,modbus_poll,response,md,1779946602.343985
68,PLC3,PLC3_J422,33.346214,modbus_poll,response,md,1779946602.343985
68,PLC3,PLC3_PU4F,0.000000,modbus_poll,response,md,1779946602.343985
68,PLC3,PLC3_PU5F,0.000000,modbus_poll,response,md,1779946602.343985
68,PLC3,PLC3_PU6F,0.000000,modbus_poll,response,md,1779946602.343985
68,PLC3,PLC3_PU7F,0.000000,modbus_poll,response,md,1779946602.343985
68,PLC3,PLC3_T2,2.558604,modbus_poll,response,md,1779946602.343985
68,PLC3,PLC3_V2F,80.380417,modbus_poll,response,md,1779946602.343985
68,PLC4,PLC4_T3,5.179653,modbus_poll,response,md,1779946602.343985
68,PLC4,PLC4_T4,3.419317,modbus_poll,response,md,1779946602.343985
68,PLC5,PLC5_J302,31.973555,modbus_poll,response,md,1779946602.343985
68,PLC5,PLC5_J306,64.774010,modbus_poll,response,md,1779946602.343985
68,PLC5,PLC5_J307,31.973555,modbus_poll,response,md,1779946602.343985
68,PLC5,PLC5_J317,60.804886,modbus_poll,response,md,1779946602.343985
68,PLC5,PLC5_PU10F,0.000000,modbus_poll,response,md,1779946602.343985
68,PLC5,PLC5_PU11F,0.000000,modbus_poll,response,md,1779946602.343985
68,PLC5,PLC5_PU8F,0.000000,modbus_poll,response,md,1779946602.343985
68,PLC7,PLC7_T5,3.706245,modbus_poll,response,md,1779946602.343985
68,PLC8,PLC8_T6,5.301084,modbus_poll,response,md,1779946602.343985
68,PLC9,PLC9_T7,4.076853,modbus_poll,response,md,1779946602.343985
69,PLC1,PLC1_J269,36.839252,modbus_poll,response,md,1779946602.688974
69,PLC1,PLC1_J280,2.976994,modbus_poll,response,md,1779946602.688974
69,PLC1,PLC1_PU1F,92.771988,modbus_poll,response,md,1779946602.688974
69,PLC1,PLC1_PU2F,92.789871,modbus_poll,response,md,1779946602.688974
69,PLC2,PLC2_T1,3.070024,modbus_poll,response,md,1779946602.688974
69,PLC3,PLC3_J14,34.298695,modbus_poll,response,md,1779946602.688974
69,PLC3,PLC3_J256,76.386086,modbus_poll,response,md,1779946602.688974
69,PLC3,PLC3_J289,31.953901,modbus_poll,response,md,1779946602.688974
69,PLC3,PLC3_J300,31.953901,modbus_poll,response,md,1779946602.688974
69,PLC3,PLC3_J415,68.797432,modbus_poll,response,md,1779946602.688974
69,PLC3,PLC3_J422,33.398697,modbus_poll,response,md,1779946602.688974
69,PLC3,PLC3_PU4F,0.000000,modbus_poll,response,md,1779946602.688974
69,PLC3,PLC3_PU5F,0.000000,modbus_poll,response,md,1779946602.688974
69,PLC3,PLC3_PU6F,0.000000,modbus_poll,response,md,1779946602.688974
69,PLC3,PLC3_PU7F,0.000000,modbus_poll,response,md,1779946602.688974
69,PLC3,PLC3_T2,2.629707,modbus_poll,response,md,1779946602.688974
69,PLC3,PLC3_V2F,80.204453,modbus_poll,response,md,1779946602.688974
69,PLC4,PLC4_T3,5.162551,modbus_poll,response,md,1779946602.688974
69,PLC4,PLC4_T4,3.360172,modbus_poll,response,md,1779946602.688974
69,PLC5,PLC5_J302,32.004284,modbus_poll,response,md,1779946602.688974
69,PLC5,PLC5_J306,64.743790,modbus_poll,response,md,1779946602.688974
69,PLC5,PLC5_J307,32.004284,modbus_poll,response,md,1779946602.688974
69,PLC5,PLC5_J317,60.743408,modbus_poll,response,md,1779946602.688974
69,PLC5,PLC5_PU10F,0.000000,modbus_poll,response,md,1779946602.688974
69,PLC5,PLC5_PU11F,0.000000,modbus_poll,response,md,1779946602.688974
69,PLC5,PLC5_PU8F,0.000000,modbus_poll,response,md,1779946602.688974
69,PLC7,PLC7_T5,3.676028,modbus_poll,response,md,1779946602.688974
69,PLC8,PLC8_T6,5.282972,modbus_poll,response,md,1779946602.688974
69,PLC9,PLC9_T7,4.002606,modbus_poll,response,md,1779946602.688974
70,PLC1,PLC1_J269,36.859810,modbus_poll,response,md,1779946603.036322
70,PLC1,PLC1_J280,2.977012,modbus_poll,response,md,1779946603.036322
70,PLC1,PLC1_PU1F,92.733131,modbus_poll,response,md,1779946603.036322
70,PLC1,PLC1_PU2F,92.751007,modbus_poll,response,md,1779946603.036322
70,PLC2,PLC2_T1,3.097033,modbus_poll,response,md,1779946603.036322
70,PLC3,PLC3_J14,34.351105,modbus_poll,response,md,1779946603.036322
70,PLC3,PLC3_J256,76.368980,modbus_poll,response,md,1779946603.036322
70,PLC3,PLC3_J289,32.007343,modbus_poll,response,md,1779946603.036322
70,PLC3,PLC3_J300,32.007343,modbus_poll,response,md,1779946603.036322
70,PLC3,PLC3_J415,68.738289,modbus_poll,response,md,1779946603.036322
70,PLC3,PLC3_J422,33.451103,modbus_poll,response,md,1779946603.036322
70,PLC3,PLC3_PU4F,0.000000,modbus_poll,response,md,1779946603.036322
70,PLC3,PLC3_PU5F,0.000000,modbus_poll,response,md,1779946603.036322
70,PLC3,PLC3_PU6F,0.000000,modbus_poll,response,md,1779946603.036322
70,PLC3,PLC3_PU7F,0.000000,modbus_poll,response,md,1779946603.036322
70,PLC3,PLC3_T2,2.700655,modbus_poll,response,md,1779946603.036322
70,PLC3,PLC3_V2F,80.028954,modbus_poll,response,md,1779946603.036322
70,PLC4,PLC4_T3,5.145449,modbus_poll,response,md,1779946603.036322
70,PLC4,PLC4_T4,3.301027,modbus_poll,response,md,1779946603.036322
70,PLC5,PLC5_J302,32.035038,modbus_poll,response,md,1779946603.036322
70,PLC5,PLC5_J306,64.713577,modbus_poll,response,md,1779946603.036322
70,PLC5,PLC5_J307,32.035038,modbus_poll,response,md,1779946603.036322
70,PLC5,PLC5_J317,60.681934,modbus_poll,response,md,1779946603.036322
70,PLC5,PLC5_PU10F,0.000000,modbus_poll,response,md,1779946603.036322
70,PLC5,PLC5_PU11F,0.000000,modbus_poll,response,md,1779946603.036322
70,PLC5,PLC5_PU8F,0.000000,modbus_poll,response,md,1779946603.036322
70,PLC7,PLC7_T5,3.645810,modbus_poll,response,md,1779946603.036322
70,PLC8,PLC8_T6,5.264670,modbus_poll,response,md,1779946603.036322
70,PLC9,PLC9_T7,3.928617,modbus_poll,response,md,1779946603.036322
71,PLC1,PLC1_J269,36.880375,modbus_poll,response,md,1779946603.385042
71,PLC1,PLC1_J280,2.977030,modbus_poll,response,md,1779946603.385042
71,PLC1,PLC1_PU1F,92.694252,modbus_poll,response,md,1779946603.385042
71,PLC1,PLC1_PU2F,92.712112,modbus_poll,response,md,1779946603.385042
71,PLC2,PLC2_T1,3.124080,modbus_poll,response,md,1779946603.385042
71,PLC3,PLC3_J14,34.403442,modbus_poll,response,md,1779946603.385042
71,PLC3,PLC3_J256,76.351875,modbus_poll,response,md,1779946603.385042
71,PLC3,PLC3_J289,32.060703,modbus_poll,response,md,1779946603.385042
71,PLC3,PLC3_J300,32.060703,modbus_poll,response,md,1779946603.385042
71,PLC3,PLC3_J415,68.679138,modbus_poll,response,md,1779946603.385042
71,PLC3,PLC3_J422,33.503441,modbus_poll,response,md,1779946603.385042
71,PLC3,PLC3_PU4F,0.000000,modbus_poll,response,md,1779946603.385042
71,PLC3,PLC3_PU5F,0.000000,modbus_poll,response,md,1779946603.385042
71,PLC3,PLC3_PU6F,0.000000,modbus_poll,response,md,1779946603.385042
71,PLC3,PLC3_PU7F,0.000000,modbus_poll,response,md,1779946603.385042
71,PLC3,PLC3_T2,2.771447,modbus_poll,response,md,1779946603.385042
71,PLC3,PLC3_V2F,79.853905,modbus_poll,response,md,1779946603.385042
71,PLC4,PLC4_T3,5.128348,modbus_poll,response,md,1779946603.385042
71,PLC4,PLC4_T4,3.241881,modbus_poll,response,md,1779946603.385042
71,PLC5,PLC5_J302,32.065815,modbus_poll,response,md,1779946603.385042
71,PLC5,PLC5_J306,64.683357,modbus_poll,response,md,1779946603.385042
71,PLC5,PLC5_J307,32.065815,modbus_poll,response,md,1779946603.385042
71,PLC5,PLC5_J317,60.620468,modbus_poll,response,md,1779946603.385042
71,PLC5,PLC5_PU10F,0.000000,modbus_poll,response,md,1779946603.385042
71,PLC5,PLC5_PU11F,0.000000,modbus_poll,response,md,1779946603.385042
71,PLC5,PLC5_PU8F,0.000000,modbus_poll,response,md,1779946603.385042
71,PLC7,PLC7_T5,3.615592,modbus_poll,response,md,1779946603.385042
71,PLC8,PLC8_T6,5.246181,modbus_poll,response,md,1779946603.385042
71,PLC9,PLC9_T7,3.854884,modbus_poll,response,md,1779946603.385042
72,PLC1,PLC1_J269,36.900948,modbus_poll,response,md,1779946603.723364
72,PLC1,PLC1_J280,2.977048,modbus_poll,response,md,1779946603.723364
72,PLC1,PLC1_PU1F,92.655357,modbus_poll,response,md,1779946603.723364
72,PLC1,PLC1_PU2F,92.673203,modbus_poll,response,md,1779946603.723364
72,PLC2,PLC2_T1,3.151164,modbus_poll,response,md,1779946603.723364
72,PLC3,PLC3_J14,34.455704,modbus_poll,response,md,1779946603.723364
72,PLC3,PLC3_J256,76.334778,modbus_poll,response,md,1779946603.723364
72,PLC3,PLC3_J289,32.113991,modbus_poll,response,md,1779946603.723364
72,PLC3,PLC3_J300,32.113991,modbus_poll,response,md,1779946603.723364
72,PLC3,PLC3_J415,68.619995,modbus_poll,response,md,1779946603.723364
72,PLC3,PLC3_J422,33.555702,modbus_poll,response,md,1779946603.723364
72,PLC3,PLC3_PU4F,0.000000,modbus_poll,response,md,1779946603.723364
72,PLC3,PLC3_PU5F,0.000000,modbus_poll,response,md,1779946603.723364
72,PLC3,PLC3_PU6F,0.000000,modbus_poll,response,md,1779946603.723364
72,PLC3,PLC3_PU7F,0.000000,modbus_poll,response,md,1779946603.723364
72,PLC3,PLC3_T2,2.842085,modbus_poll,response,md,1779946603.723364
72,PLC3,PLC3_V2F,79.679321,modbus_poll,response,md,1779946603.723364
72,PLC4,PLC4_T3,5.111246,modbus_poll,response,md,1779946603.723364
72,PLC4,PLC4_T4,3.182735,modbus_poll,response,md,1779946603.723364
72,PLC5,PLC5_J302,32.096611,modbus_poll,response,md,1779946603.723364
72,PLC5,PLC5_J306,64.653137,modbus_poll,response,md,1779946603.723364
72,PLC5,PLC5_J307,32.096611,modbus_poll,response,md,1779946603.723364
72,PLC5,PLC5_J317,60.559010,modbus_poll,response,md,1779946603.723364
72,PLC5,PLC5_PU10F,0.000000,modbus_poll,response,md,1779946603.723364
72,PLC5,PLC5_PU11F,0.000000,modbus_poll,response,md,1779946603.723364
72,PLC5,PLC5_PU8F,0.000000,modbus_poll,response,md,1779946603.723364
72,PLC7,PLC7_T5,3.585374,modbus_poll,response,md,1779946603.723364
72,PLC8,PLC8_T6,5.227507,modbus_poll,response,md,1779946603.723364
72,PLC9,PLC9_T7,3.781403,modbus_poll,response,md,1779946603.723364
73,PLC1,PLC1_J269,36.921532,modbus_poll,response,md,1779946604.066724
73,PLC1,PLC1_J280,2.977066,modbus_poll,response,md,1779946604.066724
73,PLC1,PLC1_PU1F,92.616425,modbus_poll,response,md,1779946604.066724
73,PLC1,PLC1_PU2F,92.634270,modbus_poll,response,md,1779946604.066724
73,PLC2,PLC2_T1,3.178287,modbus_poll,response,md,1779946604.066724
73,PLC3,PLC3_J14,34.507896,modbus_poll,response,md,1779946604.066724
73,PLC3,PLC3_J256,76.317673,modbus_poll,response,md,1779946604.066724
73,PLC3,PLC3_J289,32.167198,modbus_poll,response,md,1779946604.066724
73,PLC3,PLC3_J300,32.167198,modbus_poll,response,md,1779946604.066724
73,PLC3,PLC3_J415,68.560852,modbus_poll,response,md,1779946604.066724
73,PLC3,PLC3_J422,33.607895,modbus_poll,response,md,1779946604.066724
73,PLC3,PLC3_PU4F,0.000000,modbus_poll,response,md,1779946604.066724
73,PLC3,PLC3_PU5F,0.000000,modbus_poll,response,md,1779946604.066724
73,PLC3,PLC3_PU6F,0.000000,modbus_poll,response,md,1779946604.066724
73,PLC3,PLC3_PU7F,0.000000,modbus_poll,response,md,1779946604.066724
73,PLC3,PLC3_T2,2.912568,modbus_poll,response,md,1779946604.066724
73,PLC3,PLC3_V2F,79.505188,modbus_poll,response,md,1779946604.066724
73,PLC4,PLC4_T3,5.094144,modbus_poll,response,md,1779946604.066724
73,PLC4,PLC4_T4,3.123590,modbus_poll,response,md,1779946604.066724
73,PLC5,PLC5_J302,32.127434,modbus_poll,response,md,1779946604.066724
73,PLC5,PLC5_J306,64.622925,modbus_poll,response,md,1779946604.066724
73,PLC5,PLC5_J307,32.127434,modbus_poll,response,md,1779946604.066724
73,PLC5,PLC5_J317,60.497566,modbus_poll,response,md,1779946604.066724
73,PLC5,PLC5_PU10F,0.000000,modbus_poll,response,md,1779946604.066724
73,PLC5,PLC5_PU11F,0.000000,modbus_poll,response,md,1779946604.066724
73,PLC5,PLC5_PU8F,0.000000,modbus_poll,response,md,1779946604.066724
73,PLC7,PLC7_T5,3.555157,modbus_poll,response,md,1779946604.066724
73,PLC8,PLC8_T6,5.208650,modbus_poll,response,md,1779946604.066724
73,PLC9,PLC9_T7,3.708171,modbus_poll,response,md,1779946604.066724
74,PLC1,PLC1_J269,36.755653,modbus_poll,response,md,1779946604.409847
74,PLC1,PLC1_J280,2.976922,modbus_poll,response,md,1779946604.409847
74,PLC1,PLC1_PU1F,92.929947,modbus_poll,response,md,1779946604.409847
74,PLC1,PLC1_PU2F,92.947876,modbus_poll,response,md,1779946604.409847
74,PLC2,PLC2_T1,3.205446,modbus_poll,response,md,1779946604.409847
74,PLC3,PLC3_J14,34.456089,modbus_poll,response,md,1779946604.409847
74,PLC3,PLC3_J256,75.830315,modbus_poll,response,md,1779946604.409847
74,PLC3,PLC3_J289,32.122189,modbus_poll,response,md,1779946604.409847
74,PLC3,PLC3_J300,32.122189,modbus_poll,response,md,1779946604.409847
74,PLC3,PLC3_J415,67.098579,modbus_poll,response,md,1779946604.409847
74,PLC3,PLC3_J422,33.556087,modbus_poll,response,md,1779946604.409847
74,PLC3,PLC3_PU4F,0.000000,modbus_poll,response,md,1779946604.409847
74,PLC3,PLC3_PU5F,0.000000,modbus_poll,response,md,1779946604.409847
74,PLC3,PLC3_PU6F,0.000000,modbus_poll,response,md,1779946604.409847
74,PLC3,PLC3_PU7F,0.000000,modbus_poll,response,md,1779946604.409847
74,PLC3,PLC3_T2,2.982897,modbus_poll,response,md,1779946604.409847
74,PLC3,PLC3_V2F,78.333908,modbus_poll,response,md,1779946604.409847
74,PLC4,PLC4_T3,5.077043,modbus_poll,response,md,1779946604.409847
74,PLC4,PLC4_T4,3.064445,modbus_poll,response,md,1779946604.409847
74,PLC5,PLC5_J302,32.019577,modbus_poll,response,md,1779946604.409847
74,PLC5,PLC5_J306,64.434952,modbus_poll,response,md,1779946604.409847
74,PLC5,PLC5_J307,32.019577,modbus_poll,response,md,1779946604.409847
74,PLC5,PLC5_J317,59.560692,modbus_poll,response,md,1779946604.409847
74,PLC5,PLC5_PU10F,0.000000,modbus_poll,response,md,1779946604.409847
74,PLC5,PLC5_PU11F,0.000000,modbus_poll,response,md,1779946604.409847
74,PLC5,PLC5_PU8F,0.000000,modbus_poll,response,md,1779946604.409847
74,PLC7,PLC7_T5,3.524939,modbus_poll,response,md,1779946604.409847
74,PLC8,PLC8_T6,5.189612,modbus_poll,response,md,1779946604.409847
74,PLC9,PLC9_T7,3.635184,modbus_poll,response,md,1779946604.409847
75,PLC1,PLC1_J269,36.775467,modbus_poll,response,md,1779946604.756373
75,PLC1,PLC1_J280,2.976939,modbus_poll,response,md,1779946604.756373
75,PLC1,PLC1_PU1F,92.892525,modbus_poll,response,md,1779946604.756373
75,PLC1,PLC1_PU2F,92.910446,modbus_poll,response,md,1779946604.756373
75,PLC2,PLC2_T1,3.231197,modbus_poll,response,md,1779946604.756373
75,PLC3,PLC3_J14,34.507126,modbus_poll,response,md,1779946604.756373
75,PLC3,PLC3_J256,75.810776,modbus_poll,response,md,1779946604.756373
75,PLC3,PLC3_J289,32.174240,modbus_poll,response,md,1779946604.756373
75,PLC3,PLC3_J300,32.174240,modbus_poll,response,md,1779946604.756373
75,PLC3,PLC3_J415,67.019928,modbus_poll,response,md,1779946604.756373
75,PLC3,PLC3_J422,33.607124,modbus_poll,response,md,1779946604.756373
75,PLC3,PLC3_PU4F,0.000000,modbus_poll,response,md,1779946604.756373
75,PLC3,PLC3_PU5F,0.000000,modbus_poll,response,md,1779946604.756373
75,PLC3,PLC3_PU6F,0.000000,modbus_poll,response,md,1779946604.756373
75,PLC3,PLC3_PU7F,0.000000,modbus_poll,response,md,1779946604.756373
75,PLC3,PLC3_T2,3.052190,modbus_poll,response,md,1779946604.756373
75,PLC3,PLC3_V2F,78.157715,modbus_poll,response,md,1779946604.756373
75,PLC4,PLC4_T3,5.057498,modbus_poll,response,md,1779946604.756373
75,PLC4,PLC4_T4,2.986171,modbus_poll,response,md,1779946604.756373
75,PLC5,PLC5_J302,32.049053,modbus_poll,response,md,1779946604.756373
75,PLC5,PLC5_J306,64.401375,modbus_poll,response,md,1779946604.756373
75,PLC5,PLC5_J307,32.049053,modbus_poll,response,md,1779946604.756373
75,PLC5,PLC5_J317,59.470287,modbus_poll,response,md,1779946604.756373
75,PLC5,PLC5_PU10F,0.000000,modbus_poll,response,md,1779946604.756373
75,PLC5,PLC5_PU11F,0.000000,modbus_poll,response,md,1779946604.756373
75,PLC5,PLC5_PU8F,0.000000,modbus_poll,response,md,1779946604.756373
75,PLC7,PLC7_T5,3.491364,modbus_poll,response,md,1779946604.756373
75,PLC8,PLC8_T6,5.166486,modbus_poll,response,md,1779946604.756373
75,PLC9,PLC9_T7,3.539873,modbus_poll,response,md,1779946604.756373
76,PLC1,PLC1_J269,36.320576,modbus_poll,response,md,1779946605.096755
76,PLC1,PLC1_J280,2.976543,modbus_poll,response,md,1779946605.096755
76,PLC1,PLC1_PU1F,93.750496,modbus_poll,response,md,1779946605.096755
76,PLC1,PLC1_PU2F,93.768661,modbus_poll,response,md,1779946605.096755
76,PLC2,PLC2_T1,3.256988,modbus_poll,response,md,1779946605.096755
76,PLC3,PLC3_J14,31.991631,modbus_poll,response,md,1779946605.096755
76,PLC3,PLC3_J256,75.791222,modbus_poll,response,md,1779946605.096755
76,PLC3,PLC3_J289,29.344889,modbus_poll,response,md,1779946605.096755
76,PLC3,PLC3_J300,29.384111,modbus_poll,response,md,1779946605.096755
76,PLC3,PLC3_J415,88.357368,modbus_poll,response,md,1779946605.096755
76,PLC3,PLC3_J422,31.091629,modbus_poll,response,md,1779946605.096755
76,PLC3,PLC3_PU4F,0.000000,modbus_poll,response,md,1779946605.096755
76,PLC3,PLC3_PU5F,0.000000,modbus_poll,response,md,1779946605.096755
76,PLC3,PLC3_PU6F,0.000000,modbus_poll,response,md,1779946605.096755
76,PLC3,PLC3_PU7F,49.131332,modbus_poll,response,md,1779946605.096755
76,PLC3,PLC3_T2,3.121326,modbus_poll,response,md,1779946605.096755
76,PLC3,PLC3_V2F,93.459740,modbus_poll,response,md,1779946605.096755
76,PLC4,PLC4_T3,5.037954,modbus_poll,response,md,1779946605.096755
76,PLC4,PLC4_T4,2.907893,modbus_poll,response,md,1779946605.096755
76,PLC5,PLC5_J302,31.618042,modbus_poll,response,md,1779946605.096755
76,PLC5,PLC5_J306,64.367798,modbus_poll,response,md,1779946605.096755
76,PLC5,PLC5_J307,31.618042,modbus_poll,response,md,1779946605.096755
76,PLC5,PLC5_J317,59.405659,modbus_poll,response,md,1779946605.096755
76,PLC5,PLC5_PU10F,0.000000,modbus_poll,response,md,1779946605.096755
76,PLC5,PLC5_PU11F,0.000000,modbus_poll,response,md,1779946605.096755
76,PLC5,PLC5_PU8F,0.000000,modbus_poll,response,md,1779946605.096755
76,PLC7,PLC7_T5,3.457789,modbus_poll,response,md,1779946605.096755
76,PLC8,PLC8_T6,5.143120,modbus_poll,response,md,1779946605.096755
76,PLC9,PLC9_T7,3.443399,modbus_poll,response,md,1779946605.096755
77,PLC1,PLC1_J269,36.334484,modbus_poll,response,md,1779946605.442634
77,PLC1,PLC1_J280,2.976555,modbus_poll,response,md,1779946605.442634
77,PLC1,PLC1_PU1F,93.724304,modbus_poll,response,md,1779946605.442634
77,PLC1,PLC1_PU2F,93.742462,modbus_poll,response,md,1779946605.442634
77,PLC2,PLC2_T1,3.277481,modbus_poll,response,md,1779946605.442634
77,PLC3,PLC3_J14,32.025364,modbus_poll,response,md,1779946605.442634
77,PLC3,PLC3_J256,75.771683,modbus_poll,response,md,1779946605.442634
77,PLC3,PLC3_J289,29.379307,modbus_poll,response,md,1779946605.442634
77,PLC3,PLC3_J300,29.418516,modbus_poll,response,md,1779946605.442634
77,PLC3,PLC3_J415,88.409676,modbus_poll,response,md,1779946605.442634
77,PLC3,PLC3_J422,31.125364,modbus_poll,response,md,1779946605.442634
77,PLC3,PLC3_PU4F,0.000000,modbus_poll,response,md,1779946605.442634
77,PLC3,PLC3_PU5F,0.000000,modbus_poll,response,md,1779946605.442634
77,PLC3,PLC3_PU6F,0.000000,modbus_poll,response,md,1779946605.442634
77,PLC3,PLC3_PU7F,49.121910,modbus_poll,response,md,1779946605.442634
77,PLC3,PLC3_T2,3.160539,modbus_poll,response,md,1779946605.442634
77,PLC3,PLC3_V2F,93.369431,modbus_poll,response,md,1779946605.442634
77,PLC4,PLC4_T3,5.018410,modbus_poll,response,md,1779946605.442634
77,PLC4,PLC4_T4,2.968124,modbus_poll,response,md,1779946605.442634
77,PLC5,PLC5_J302,31.639688,modbus_poll,response,md,1779946605.442634
77,PLC5,PLC5_J306,64.334229,modbus_poll,response,md,1779946605.442634
77,PLC5,PLC5_J307,31.639688,modbus_poll,response,md,1779946605.442634
77,PLC5,PLC5_J317,59.312344,modbus_poll,response,md,1779946605.442634
77,PLC5,PLC5_PU10F,0.000000,modbus_poll,response,md,1779946605.442634
77,PLC5,PLC5_PU11F,0.000000,modbus_poll,response,md,1779946605.442634
77,PLC5,PLC5_PU8F,0.000000,modbus_poll,response,md,1779946605.442634
77,PLC7,PLC7_T5,3.424214,modbus_poll,response,md,1779946605.442634
77,PLC8,PLC8_T6,5.119608,modbus_poll,response,md,1779946605.442634
77,PLC9,PLC9_T7,3.349050,modbus_poll,response,md,1779946605.442634
78,PLC1,PLC1_J269,36.348396,modbus_poll,response,md,1779946605.782378
78,PLC1,PLC1_J280,2.976567,modbus_poll,response,md,1779946605.782378
78,PLC1,PLC1_PU1F,93.698105,modbus_poll,response,md,1779946605.782378
78,PLC1,PLC1_PU2F,93.716255,modbus_poll,response,md,1779946605.782378
78,PLC2,PLC2_T1,3.297989,modbus_poll,response,md,1779946605.782378
78,PLC3,PLC3_J14,32.059059,modbus_poll,response,md,1779946605.782378
78,PLC3,PLC3_J256,75.752136,modbus_poll,response,md,1779946605.782378
78,PLC3,PLC3_J289,29.413679,modbus_poll,response,md,1779946605.782378
78,PLC3,PLC3_J300,29.452875,modbus_poll,response,md,1779946605.782378
78,PLC3,PLC3_J415,88.461975,modbus_poll,response,md,1779946605.782378
78,PLC3,PLC3_J422,31.159056,modbus_poll,response,md,1779946605.782378
78,PLC3,PLC3_PU4F,0.000000,modbus_poll,response,md,1779946605.782378
78,PLC3,PLC3_PU5F,0.000000,modbus_poll,response,md,1779946605.782378
78,PLC3,PLC3_PU6F,0.000000,modbus_poll,response,md,1779946605.782378
78,PLC3,PLC3_PU7F,49.112465,modbus_poll,response,md,1779946605.782378
78,PLC3,PLC3_T2,3.199679,modbus_poll,response,md,1779946605.782378
78,PLC3,PLC3_V2F,93.279381,modbus_poll,response,md,1779946605.782378
78,PLC4,PLC4_T3,4.998865,modbus_poll,response,md,1779946605.782378
78,PLC4,PLC4_T4,3.028329,modbus_poll,response,md,1779946605.782378
78,PLC5,PLC5_J302,31.661343,modbus_poll,response,md,1779946605.782378
78,PLC5,PLC5_J306,64.300652,modbus_poll,response,md,1779946605.782378
78,PLC5,PLC5_J307,31.661343,modbus_poll,response,md,1779946605.782378
78,PLC5,PLC5_J317,59.232517,modbus_poll,response,md,1779946605.782378
78,PLC5,PLC5_PU10F,0.000000,modbus_poll,response,md,1779946605.782378
78,PLC5,PLC5_PU11F,0.000000,modbus_poll,response,md,1779946605.782378
78,PLC5,PLC5_PU8F,0.000000,modbus_poll,response,md,1779946605.782378
78,PLC7,PLC7_T5,3.390640,modbus_poll,response,md,1779946605.782378
78,PLC8,PLC8_T6,5.095850,modbus_poll,response,md,1779946605.782378
78,PLC9,PLC9_T7,3.253109,modbus_poll,response,md,1779946605.782378
79,PLC1,PLC1_J269,36.362309,modbus_poll,response,md,1779946606.127285
79,PLC1,PLC1_J280,2.976579,modbus_poll,response,md,1779946606.127285
79,PLC1,PLC1_PU1F,93.671906,modbus_poll,response,md,1779946606.127285
79,PLC1,PLC1_PU2F,93.690048,modbus_poll,response,md,1779946606.127285
79,PLC2,PLC2_T1,3.318512,modbus_poll,response,md,1779946606.127285
79,PLC3,PLC3_J14,32.092705,modbus_poll,response,md,1779946606.127285
79,PLC3,PLC3_J256,75.732597,modbus_poll,response,md,1779946606.127285
79,PLC3,PLC3_J289,29.448006,modbus_poll,response,md,1779946606.127285
79,PLC3,PLC3_J300,29.487186,modbus_poll,response,md,1779946606.127285
79,PLC3,PLC3_J415,88.514229,modbus_poll,response,md,1779946606.127285
79,PLC3,PLC3_J422,31.192705,modbus_poll,response,md,1779946606.127285
79,PLC3,PLC3_PU4F,0.000000,modbus_poll,response,md,1779946606.127285
79,PLC3,PLC3_PU5F,0.000000,modbus_poll,response,md,1779946606.127285
79,PLC3,PLC3_PU6F,0.000000,modbus_poll,response,md,1779946606.127285
79,PLC3,PLC3_PU7F,49.103020,modbus_poll,response,md,1779946606.127285
79,PLC3,PLC3_T2,3.238749,modbus_poll,response,md,1779946606.127285
79,PLC3,PLC3_V2F,93.189606,modbus_poll,response,md,1779946606.127285
79,PLC4,PLC4_T3,4.979321,modbus_poll,response,md,1779946606.127285
79,PLC4,PLC4_T4,3.088507,modbus_poll,response,md,1779946606.127285
79,PLC5,PLC5_J302,31.683004,modbus_poll,response,md,1779946606.127285
79,PLC5,PLC5_J306,64.267075,modbus_poll,response,md,1779946606.127285
79,PLC5,PLC5_J307,31.683004,modbus_poll,response,md,1779946606.127285
79,PLC5,PLC5_J317,59.152809,modbus_poll,response,md,1779946606.127285
79,PLC5,PLC5_PU10F,0.000000,modbus_poll,response,md,1779946606.127285
79,PLC5,PLC5_PU11F,0.000000,modbus_poll,response,md,1779946606.127285
79,PLC5,PLC5_PU8F,0.000000,modbus_poll,response,md,1779946606.127285
79,PLC7,PLC7_T5,3.357065,modbus_poll,response,md,1779946606.127285
79,PLC8,PLC8_T6,5.071898,modbus_poll,response,md,1779946606.127285
79,PLC9,PLC9_T7,3.157433,modbus_poll,response,md,1779946606.127285
80,PLC1,PLC1_J269,36.376221,modbus_poll,response,md,1779946606.467857
80,PLC1,PLC1_J280,2.976591,modbus_poll,response,md,1779946606.467857
80,PLC1,PLC1_PU1F,93.645699,modbus_poll,response,md,1779946606.467857
80,PLC1,PLC1_PU2F,93.663834,modbus_poll,response,md,1779946606.467857
80,PLC2,PLC2_T1,3.339050,modbus_poll,response,md,1779946606.467857
80,PLC3,PLC3_J14,32.126312,modbus_poll,response,md,1779946606.467857
80,PLC3,PLC3_J256,75.713051,modbus_poll,response,md,1779946606.467857
80,PLC3,PLC3_J289,29.482286,modbus_poll,response,md,1779946606.467857
80,PLC3,PLC3_J300,29.521454,modbus_poll,response,md,1779946606.467857
80,PLC3,PLC3_J415,88.566444,modbus_poll,response,md,1779946606.467857
80,PLC3,PLC3_J422,31.226311,modbus_poll,response,md,1779946606.467857
80,PLC3,PLC3_PU4F,0.000000,modbus_poll,response,md,1779946606.467857
80,PLC3,PLC3_PU5F,0.000000,modbus_poll,response,md,1779946606.467857
80,PLC3,PLC3_PU6F,0.000000,modbus_poll,response,md,1779946606.467857
80,PLC3,PLC3_PU7F,49.093559,modbus_poll,response,md,1779946606.467857
80,PLC3,PLC3_T2,3.277747,modbus_poll,response,md,1779946606.467857
80,PLC3,PLC3_V2F,93.100121,modbus_poll,response,md,1779946606.467857
80,PLC4,PLC4_T3,4.959777,modbus_poll,response,md,1779946606.467857
80,PLC4,PLC4_T4,3.148658,modbus_poll,response,md,1779946606.467857
80,PLC5,PLC5_J302,31.704670,modbus_poll,response,md,1779946606.467857
80,PLC5,PLC5_J306,64.233505,modbus_poll,response,md,1779946606.467857
80,PLC5,PLC5_J307,31.704670,modbus_poll,response,md,1779946606.467857
80,PLC5,PLC5_J317,59.073112,modbus_poll,response,md,1779946606.467857
80,PLC5,PLC5_PU10F,0.000000,modbus_poll,response,md,1779946606.467857
80,PLC5,PLC5_PU11F,0.000000,modbus_poll,response,md,1779946606.467857
80,PLC5,PLC5_PU8F,0.000000,modbus_poll,response,md,1779946606.467857
80,PLC7,PLC7_T5,3.323490,modbus_poll,response,md,1779946606.467857
80,PLC8,PLC8_T6,5.047752,modbus_poll,response,md,1779946606.467857
80,PLC9,PLC9_T7,3.062019,modbus_poll,response,md,1779946606.467857
81,PLC1,PLC1_J269,36.390137,modbus_poll,response,md,1779946606.808325
81,PLC1,PLC1_J280,2.976603,modbus_poll,response,md,1779946606.808325
81,PLC1,PLC1_PU1F,93.619476,modbus_poll,response,md,1779946606.808325
81,PLC1,PLC1_PU2F,93.637611,modbus_poll,response,md,1779946606.808325
81,PLC2,PLC2_T1,3.359602,modbus_poll,response,md,1779946606.808325
81,PLC3,PLC3_J14,32.159870,modbus_poll,response,md,1779946606.808325
81,PLC3,PLC3_J256,75.693504,modbus_poll,response,md,1779946606.808325
81,PLC3,PLC3_J289,29.516521,modbus_poll,response,md,1779946606.808325
81,PLC3,PLC3_J300,29.555676,modbus_poll,response,md,1779946606.808325
81,PLC3,PLC3_J415,88.618652,modbus_poll,response,md,1779946606.808325
81,PLC3,PLC3_J422,31.259871,modbus_poll,response,md,1779946606.808325
81,PLC3,PLC3_PU4F,0.000000,modbus_poll,response,md,1779946606.808325
81,PLC3,PLC3_PU5F,0.000000,modbus_poll,response,md,1779946606.808325
81,PLC3,PLC3_PU6F,0.000000,modbus_poll,response,md,1779946606.808325
81,PLC3,PLC3_PU7F,49.084084,modbus_poll,response,md,1779946606.808325
81,PLC3,PLC3_T2,3.316675,modbus_poll,response,md,1779946606.808325
81,PLC3,PLC3_V2F,93.010918,modbus_poll,response,md,1779946606.808325
81,PLC4,PLC4_T3,4.940232,modbus_poll,response,md,1779946606.808325
81,PLC4,PLC4_T4,3.208783,modbus_poll,response,md,1779946606.808325
81,PLC5,PLC5_J302,31.726343,modbus_poll,response,md,1779946606.808325
81,PLC5,PLC5_J306,64.199928,modbus_poll,response,md,1779946606.808325
81,PLC5,PLC5_J307,31.726343,modbus_poll,response,md,1779946606.808325
81,PLC5,PLC5_J317,58.993423,modbus_poll,response,md,1779946606.808325
81,PLC5,PLC5_PU10F,0.000000,modbus_poll,response,md,1779946606.808325
81,PLC5,PLC5_PU11F,0.000000,modbus_poll,response,md,1779946606.808325
81,PLC5,PLC5_PU8F,0.000000,modbus_poll,response,md,1779946606.808325
81,PLC7,PLC7_T5,3.289915,modbus_poll,response,md,1779946606.808325
81,PLC8,PLC8_T6,5.023416,modbus_poll,response,md,1779946606.808325
81,PLC9,PLC9_T7,2.966866,modbus_poll,response,md,1779946606.808325
82,PLC1,PLC1_J269,36.404053,modbus_poll,response,md,1779946607.160185
82,PLC1,PLC1_J280,2.976615,modbus_poll,response,md,1779946607.160185
82,PLC1,PLC1_PU1F,93.593262,modbus_poll,response,md,1779946607.160185
82,PLC1,PLC1_PU2F,93.611382,modbus_poll,response,md,1779946607.160185
82,PLC2,PLC2_T1,3.380168,modbus_poll,response,md,1779946607.160185
82,PLC3,PLC3_J14,32.193390,modbus_poll,response,md,1779946607.160185
82,PLC3,PLC3_J256,75.673965,modbus_poll,response,md,1779946607.160185
82,PLC3,PLC3_J289,29.550711,modbus_poll,response,md,1779946607.160185
82,PLC3,PLC3_J300,29.589849,modbus_poll,response,md,1779946607.160185
82,PLC3,PLC3_J415,88.670784,modbus_poll,response,md,1779946607.160185
82,PLC3,PLC3_J422,31.293388,modbus_poll,response,md,1779946607.160185
82,PLC3,PLC3_PU4F,0.000000,modbus_poll,response,md,1779946607.160185
82,PLC3,PLC3_PU5F,0.000000,modbus_poll,response,md,1779946607.160185
82,PLC3,PLC3_PU6F,0.000000,modbus_poll,response,md,1779946607.160185
82,PLC3,PLC3_PU7F,49.074615,modbus_poll,response,md,1779946607.160185
82,PLC3,PLC3_T2,3.355532,modbus_poll,response,md,1779946607.160185
82,PLC3,PLC3_V2F,92.921997,modbus_poll,response,md,1779946607.160185
82,PLC4,PLC4_T3,4.920688,modbus_poll,response,md,1779946607.160185
82,PLC4,PLC4_T4,3.268881,modbus_poll,response,md,1779946607.160185
82,PLC5,PLC5_J302,31.748024,modbus_poll,response,md,1779946607.160185
82,PLC5,PLC5_J306,64.166351,modbus_poll,response,md,1779946607.160185
82,PLC5,PLC5_J307,31.748024,modbus_poll,response,md,1779946607.160185
82,PLC5,PLC5_J317,58.913754,modbus_poll,response,md,1779946607.160185
82,PLC5,PLC5_PU10F,0.000000,modbus_poll,response,md,1779946607.160185
82,PLC5,PLC5_PU11F,0.000000,modbus_poll,response,md,1779946607.160185
82,PLC5,PLC5_PU8F,0.000000,modbus_poll,response,md,1779946607.160185
82,PLC7,PLC7_T5,3.256340,modbus_poll,response,md,1779946607.160185
82,PLC8,PLC8_T6,4.998891,modbus_poll,response,md,1779946607.160185
82,PLC9,PLC9_T7,2.871969,modbus_poll,response,md,1779946607.160185
83,PLC1,PLC1_J269,36.417965,modbus_poll,response,md,1779946607.502205
83,PLC1,PLC1_J280,2.976628,modbus_poll,response,md,1779946607.502205
83,PLC1,PLC1_PU1F,93.567039,modbus_poll,response,md,1779946607.502205
83,PLC1,PLC1_PU2F,93.585159,modbus_poll,response,md,1779946607.502205
83,PLC2,PLC2_T1,3.400748,modbus_poll,response,md,1779946607.502205
83,PLC3,PLC3_J14,32.226864,modbus_poll,response,md,1779946607.502205
83,PLC3,PLC3_J256,75.654411,modbus_poll,response,md,1779946607.502205
83,PLC3,PLC3_J289,29.584854,modbus_poll,response,md,1779946607.502205
83,PLC3,PLC3_J300,29.623978,modbus_poll,response,md,1779946607.502205
83,PLC3,PLC3_J415,88.722900,modbus_poll,response,md,1779946607.502205
83,PLC3,PLC3_J422,31.326862,modbus_poll,response,md,1779946607.502205
83,PLC3,PLC3_PU4F,0.000000,modbus_poll,response,md,1779946607.502205
83,PLC3,PLC3_PU5F,0.000000,modbus_poll,response,md,1779946607.502205
83,PLC3,PLC3_PU6F,0.000000,modbus_poll,response,md,1779946607.502205
83,PLC3,PLC3_PU7F,49.065132,modbus_poll,response,md,1779946607.502205
83,PLC3,PLC3_T2,3.394318,modbus_poll,response,md,1779946607.502205
83,PLC3,PLC3_V2F,92.833351,modbus_poll,response,md,1779946607.502205
83,PLC4,PLC4_T3,4.901144,modbus_poll,response,md,1779946607.502205
83,PLC4,PLC4_T4,3.328952,modbus_poll,response,md,1779946607.502205
83,PLC5,PLC5_J302,31.769709,modbus_poll,response,md,1779946607.502205
83,PLC5,PLC5_J306,64.132774,modbus_poll,response,md,1779946607.502205
83,PLC5,PLC5_J307,31.769709,modbus_poll,response,md,1779946607.502205
83,PLC5,PLC5_J317,58.834103,modbus_poll,response,md,1779946607.502205
83,PLC5,PLC5_PU10F,0.000000,modbus_poll,response,md,1779946607.502205
83,PLC5,PLC5_PU11F,0.000000,modbus_poll,response,md,1779946607.502205
83,PLC5,PLC5_PU8F,0.000000,modbus_poll,response,md,1779946607.502205
83,PLC7,PLC7_T5,3.222765,modbus_poll,response,md,1779946607.502205
83,PLC8,PLC8_T6,4.974179,modbus_poll,response,md,1779946607.502205
83,PLC9,PLC9_T7,2.777327,modbus_poll,response,md,1779946607.502205
84,PLC1,PLC1_J269,36.431885,modbus_poll,response,md,1779946607.852095
84,PLC1,PLC1_J280,2.976640,modbus_poll,response,md,1779946607.852095
84,PLC1,PLC1_PU1F,93.540817,modbus_poll,response,md,1779946607.852095
84,PLC1,PLC1_PU2F,93.558922,modbus_poll,response,md,1779946607.852095
84,PLC2,PLC2_T1,3.421343,modbus_poll,response,md,1779946607.852095
84,PLC3,PLC3_J14,32.260296,modbus_poll,response,md,1779946607.852095
84,PLC3,PLC3_J256,75.634872,modbus_poll,response,md,1779946607.852095
84,PLC3,PLC3_J289,29.618952,modbus_poll,response,md,1779946607.852095
84,PLC3,PLC3_J300,29.658062,modbus_poll,response,md,1779946607.852095
84,PLC3,PLC3_J415,88.774979,modbus_poll,response,md,1779946607.852095
84,PLC3,PLC3_J422,31.360294,modbus_poll,response,md,1779946607.852095
84,PLC3,PLC3_PU4F,0.000000,modbus_poll,response,md,1779946607.852095
84,PLC3,PLC3_PU5F,0.000000,modbus_poll,response,md,1779946607.852095
84,PLC3,PLC3_PU6F,0.000000,modbus_poll,response,md,1779946607.852095
84,PLC3,PLC3_PU7F,49.055641,modbus_poll,response,md,1779946607.852095
84,PLC3,PLC3_T2,3.433035,modbus_poll,response,md,1779946607.852095
84,PLC3,PLC3_V2F,92.744987,modbus_poll,response,md,1779946607.852095
84,PLC4,PLC4_T3,4.881599,modbus_poll,response,md,1779946607.852095
84,PLC4,PLC4_T4,3.388996,modbus_poll,response,md,1779946607.852095
84,PLC5,PLC5_J302,31.791399,modbus_poll,response,md,1779946607.852095
84,PLC5,PLC5_J306,64.099205,modbus_poll,response,md,1779946607.852095
84,PLC5,PLC5_J307,31.791399,modbus_poll,response,md,1779946607.852095
84,PLC5,PLC5_J317,58.754475,modbus_poll,response,md,1779946607.852095
84,PLC5,PLC5_PU10F,0.000000,modbus_poll,response,md,1779946607.852095
84,PLC5,PLC5_PU11F,0.000000,modbus_poll,response,md,1779946607.852095
84,PLC5,PLC5_PU8F,0.000000,modbus_poll,response,md,1779946607.852095
84,PLC7,PLC7_T5,3.189190,modbus_poll,response,md,1779946607.852095
84,PLC8,PLC8_T6,4.949282,modbus_poll,response,md,1779946607.852095
84,PLC9,PLC9_T7,2.682937,modbus_poll,response,md,1779946607.852095
85,PLC1,PLC1_J269,36.445805,modbus_poll,response,md,1779946608.192011
85,PLC1,PLC1_J280,2.976652,modbus_poll,response,md,1779946608.192011
85,PLC1,PLC1_PU1F,93.514580,modbus_poll,response,md,1779946608.192011
85,PLC1,PLC1_PU2F,93.532684,modbus_poll,response,md,1779946608.192011
85,PLC2,PLC2_T1,3.441952,modbus_poll,response,md,1779946608.192011
85,PLC3,PLC3_J14,32.293682,modbus_poll,response,md,1779946608.192011
85,PLC3,PLC3_J256,75.615334,modbus_poll,response,md,1779946608.192011
85,PLC3,PLC3_J289,29.653004,modbus_poll,response,md,1779946608.192011
85,PLC3,PLC3_J300,29.692101,modbus_poll,response,md,1779946608.192011
85,PLC3,PLC3_J415,88.827049,modbus_poll,response,md,1779946608.192011
85,PLC3,PLC3_J422,31.393682,modbus_poll,response,md,1779946608.192011
85,PLC3,PLC3_PU4F,0.000000,modbus_poll,response,md,1779946608.192011
85,PLC3,PLC3_PU5F,0.000000,modbus_poll,response,md,1779946608.192011
85,PLC3,PLC3_PU6F,0.000000,modbus_poll,response,md,1779946608.192011
85,PLC3,PLC3_PU7F,49.046127,modbus_poll,response,md,1779946608.192011
85,PLC3,PLC3_T2,3.471682,modbus_poll,response,md,1779946608.192011
85,PLC3,PLC3_V2F,92.656898,modbus_poll,response,md,1779946608.192011
85,PLC4,PLC4_T3,4.862055,modbus_poll,response,md,1779946608.192011
85,PLC4,PLC4_T4,3.449013,modbus_poll,response,md,1779946608.192011
85,PLC5,PLC5_J302,31.813097,modbus_poll,response,md,1779946608.192011
85,PLC5,PLC5_J306,64.065628,modbus_poll,response,md,1779946608.192011
85,PLC5,PLC5_J307,31.813097,modbus_poll,response,md,1779946608.192011
85,PLC5,PLC5_J317,58.674870,modbus_poll,response,md,1779946608.192011
85,PLC5,PLC5_PU10F,0.000000,modbus_poll,response,md,1779946608.192011
85,PLC5,PLC5_PU11F,0.000000,modbus_poll,response,md,1779946608.192011
85,PLC5,PLC5_PU8F,0.000000,modbus_poll,response,md,1779946608.192011
85,PLC7,PLC7_T5,3.155616,modbus_poll,response,md,1779946608.192011
85,PLC8,PLC8_T6,4.924202,modbus_poll,response,md,1779946608.192011
85,PLC9,PLC9_T7,2.588795,modbus_poll,response,md,1779946608.192011
86,PLC1,PLC1_J269,36.171429,modbus_poll,response,md,1779946608.534216
86,PLC1,PLC1_J280,2.976413,modbus_poll,response,md,1779946608.534216
86,PLC1,PLC1_PU1F,94.031189,modbus_poll,response,md,1779946608.534216
86,PLC1,PLC1_PU2F,94.049438,modbus_poll,response,md,1779946608.534216
86,PLC2,PLC2_T1,3.462574,modbus_poll,response,md,1779946608.534216
86,PLC3,PLC3_J14,32.209553,modbus_poll,response,md,1779946608.534216
86,PLC3,PLC3_J256,74.944466,modbus_poll,response,md,1779946608.534216
86,PLC3,PLC3_J289,29.578718,modbus_poll,response,md,1779946608.534216
86,PLC3,PLC3_J300,29.618090,modbus_poll,response,md,1779946608.534216
86,PLC3,PLC3_J415,88.399582,modbus_poll,response,md,1779946608.534216
86,PLC3,PLC3_J422,31.309551,modbus_poll,response,md,1779946608.534216
86,PLC3,PLC3_PU4F,0.000000,modbus_poll,response,md,1779946608.534216
86,PLC3,PLC3_PU5F,0.000000,modbus_poll,response,md,1779946608.534216
86,PLC3,PLC3_PU6F,0.000000,modbus_poll,response,md,1779946608.534216
86,PLC3,PLC3_PU7F,49.232086,modbus_poll,response,md,1779946608.534216
86,PLC3,PLC3_T2,3.510259,modbus_poll,response,md,1779946608.534216
86,PLC3,PLC3_V2F,90.933342,modbus_poll,response,md,1779946608.534216
86,PLC4,PLC4_T3,4.842511,modbus_poll,response,md,1779946608.534216
86,PLC4,PLC4_T4,3.509004,modbus_poll,response,md,1779946608.534216
86,PLC5,PLC5_J302,31.639395,modbus_poll,response,md,1779946608.534216
86,PLC5,PLC5_J306,63.324661,modbus_poll,response,md,1779946608.534216
86,PLC5,PLC5_J307,31.639395,modbus_poll,response,md,1779946608.534216
86,PLC5,PLC5_J317,58.536877,modbus_poll,response,md,1779946608.534216
86,PLC5,PLC5_PU10F,0.000000,modbus_poll,response,md,1779946608.534216
86,PLC5,PLC5_PU11F,0.000000,modbus_poll,response,md,1779946608.534216
86,PLC5,PLC5_PU8F,0.000000,modbus_poll,response,md,1779946608.534216
86,PLC7,PLC7_T5,3.122041,modbus_poll,response,md,1779946608.534216
86,PLC8,PLC8_T6,4.898941,modbus_poll,response,md,1779946608.534216
86,PLC9,PLC9_T7,2.494901,modbus_poll,response,md,1779946608.534216
87,PLC1,PLC1_J269,36.183941,modbus_poll,response,md,1779946608.882726
87,PLC1,PLC1_J280,2.976424,modbus_poll,response,md,1779946608.882726
87,PLC1,PLC1_PU1F,94.007652,modbus_poll,response,md,1779946608.882726
87,PLC1,PLC1_PU2F,94.025894,modbus_poll,response,md,1779946608.882726
87,PLC2,PLC2_T1,3.480620,modbus_poll,response,md,1779946608.882726
87,PLC3,PLC3_J14,32.241051,modbus_poll,response,md,1779946608.882726
87,PLC3,PLC3_J256,74.921913,modbus_poll,response,md,1779946608.882726
87,PLC3,PLC3_J289,29.610884,modbus_poll,response,md,1779946608.882726
87,PLC3,PLC3_J300,29.650244,modbus_poll,response,md,1779946608.882726
87,PLC3,PLC3_J415,88.447029,modbus_poll,response,md,1779946608.882726
87,PLC3,PLC3_J422,31.341049,modbus_poll,response,md,1779946608.882726
87,PLC3,PLC3_PU4F,0.000000,modbus_poll,response,md,1779946608.882726
87,PLC3,PLC3_PU5F,0.000000,modbus_poll,response,md,1779946608.882726
87,PLC3,PLC3_PU6F,0.000000,modbus_poll,response,md,1779946608.882726
87,PLC3,PLC3_PU7F,49.224068,modbus_poll,response,md,1779946608.882726
87,PLC3,PLC3_T2,3.547148,modbus_poll,response,md,1779946608.882726
87,PLC3,PLC3_V2F,90.841583,modbus_poll,response,md,1779946608.882726
87,PLC4,PLC4_T3,4.819960,modbus_poll,response,md,1779946608.882726
87,PLC4,PLC4_T4,3.563059,modbus_poll,response,md,1779946608.882726
87,PLC5,PLC5_J302,31.658670,modbus_poll,response,md,1779946608.882726
87,PLC5,PLC5_J306,63.278614,modbus_poll,response,md,1779946608.882726
87,PLC5,PLC5_J307,31.658670,modbus_poll,response,md,1779946608.882726
87,PLC5,PLC5_J317,58.443943,modbus_poll,response,md,1779946608.882726
87,PLC5,PLC5_PU10F,0.000000,modbus_poll,response,md,1779946608.882726
87,PLC5,PLC5_PU11F,0.000000,modbus_poll,response,md,1779946608.882726
87,PLC5,PLC5_PU8F,0.000000,modbus_poll,response,md,1779946608.882726
87,PLC7,PLC7_T5,3.075996,modbus_poll,response,md,1779946608.882726
87,PLC8,PLC8_T6,4.873271,modbus_poll,response,md,1779946608.882726
87,PLC9,PLC9_T7,2.401056,modbus_poll,response,md,1779946608.882726
88,PLC1,PLC1_J269,36.196472,modbus_poll,response,md,1779946609.225145
88,PLC1,PLC1_J280,2.976434,modbus_poll,response,md,1779946609.225145
88,PLC1,PLC1_PU1F,93.984077,modbus_poll,response,md,1779946609.225145
88,PLC1,PLC1_PU2F,94.002312,modbus_poll,response,md,1779946609.225145
88,PLC2,PLC2_T1,3.498683,modbus_poll,response,md,1779946609.225145
88,PLC3,PLC3_J14,32.272495,modbus_poll,response,md,1779946609.225145
88,PLC3,PLC3_J256,74.899361,modbus_poll,response,md,1779946609.225145
88,PLC3,PLC3_J289,29.642992,modbus_poll,response,md,1779946609.225145
88,PLC3,PLC3_J300,29.682341,modbus_poll,response,md,1779946609.225145
88,PLC3,PLC3_J415,88.494469,modbus_poll,response,md,1779946609.225145
88,PLC3,PLC3_J422,31.372492,modbus_poll,response,md,1779946609.225145
88,PLC3,PLC3_PU4F,0.000000,modbus_poll,response,md,1779946609.225145
88,PLC3,PLC3_PU5F,0.000000,modbus_poll,response,md,1779946609.225145
88,PLC3,PLC3_PU6F,0.000000,modbus_poll,response,md,1779946609.225145
88,PLC3,PLC3_PU7F,49.216015,modbus_poll,response,md,1779946609.225145
88,PLC3,PLC3_T2,3.583962,modbus_poll,response,md,1779946609.225145
88,PLC3,PLC3_V2F,90.749878,modbus_poll,response,md,1779946609.225145
88,PLC4,PLC4_T3,4.797410,modbus_poll,response,md,1779946609.225145
88,PLC4,PLC4_T4,3.617091,modbus_poll,response,md,1779946609.225145
88,PLC5,PLC5_J302,31.677961,modbus_poll,response,md,1779946609.225145
88,PLC5,PLC5_J306,63.232571,modbus_poll,response,md,1779946609.225145
88,PLC5,PLC5_J307,31.677961,modbus_poll,response,md,1779946609.225145
88,PLC5,PLC5_J317,58.362988,modbus_poll,response,md,1779946609.225145
88,PLC5,PLC5_PU10F,0.000000,modbus_poll,response,md,1779946609.225145
88,PLC5,PLC5_PU11F,0.000000,modbus_poll,response,md,1779946609.225145
88,PLC5,PLC5_PU8F,0.000000,modbus_poll,response,md,1779946609.225145
88,PLC7,PLC7_T5,3.029952,modbus_poll,response,md,1779946609.225145
88,PLC8,PLC8_T6,4.847383,modbus_poll,response,md,1779946609.225145
88,PLC9,PLC9_T7,2.305866,modbus_poll,response,md,1779946609.225145
89,PLC1,PLC1_J269,36.209007,modbus_poll,response,md,1779946609.566174
89,PLC1,PLC1_J280,2.976445,modbus_poll,response,md,1779946609.566174
89,PLC1,PLC1_PU1F,93.960495,modbus_poll,response,md,1779946609.566174
89,PLC1,PLC1_PU2F,93.978722,modbus_poll,response,md,1779946609.566174
89,PLC2,PLC2_T1,3.516763,modbus_poll,response,md,1779946609.566174
89,PLC3,PLC3_J14,32.303890,modbus_poll,response,md,1779946609.566174
89,PLC3,PLC3_J256,74.876808,modbus_poll,response,md,1779946609.566174
89,PLC3,PLC3_J289,29.675055,modbus_poll,response,md,1779946609.566174
89,PLC3,PLC3_J300,29.714390,modbus_poll,response,md,1779946609.566174
89,PLC3,PLC3_J415,88.541870,modbus_poll,response,md,1779946609.566174
89,PLC3,PLC3_J422,31.403891,modbus_poll,response,md,1779946609.566174
89,PLC3,PLC3_PU4F,0.000000,modbus_poll,response,md,1779946609.566174
89,PLC3,PLC3_PU5F,0.000000,modbus_poll,response,md,1779946609.566174
89,PLC3,PLC3_PU6F,0.000000,modbus_poll,response,md,1779946609.566174
89,PLC3,PLC3_PU7F,49.207954,modbus_poll,response,md,1779946609.566174
89,PLC3,PLC3_T2,3.620702,modbus_poll,response,md,1779946609.566174
89,PLC3,PLC3_V2F,90.658493,modbus_poll,response,md,1779946609.566174
89,PLC4,PLC4_T3,4.774859,modbus_poll,response,md,1779946609.566174
89,PLC4,PLC4_T4,3.671101,modbus_poll,response,md,1779946609.566174
89,PLC5,PLC5_J302,31.697260,modbus_poll,response,md,1779946609.566174
89,PLC5,PLC5_J306,63.186527,modbus_poll,response,md,1779946609.566174
89,PLC5,PLC5_J307,31.697260,modbus_poll,response,md,1779946609.566174
89,PLC5,PLC5_J317,58.282143,modbus_poll,response,md,1779946609.566174
89,PLC5,PLC5_PU10F,0.000000,modbus_poll,response,md,1779946609.566174
89,PLC5,PLC5_PU11F,0.000000,modbus_poll,response,md,1779946609.566174
89,PLC5,PLC5_PU8F,0.000000,modbus_poll,response,md,1779946609.566174
89,PLC7,PLC7_T5,2.983907,modbus_poll,response,md,1779946609.566174
89,PLC8,PLC8_T6,4.821316,modbus_poll,response,md,1779946609.566174
89,PLC9,PLC9_T7,2.210919,modbus_poll,response,md,1779946609.566174
90,PLC1,PLC1_J269,36.221542,modbus_poll,response,md,1779946609.912873
90,PLC1,PLC1_J280,2.976456,modbus_poll,response,md,1779946609.912873
90,PLC1,PLC1_PU1F,93.936913,modbus_poll,response,md,1779946609.912873
90,PLC1,PLC1_PU2F,93.955132,modbus_poll,response,md,1779946609.912873
90,PLC2,PLC2_T1,3.534861,modbus_poll,response,md,1779946609.912873
90,PLC3,PLC3_J14,32.335243,modbus_poll,response,md,1779946609.912873
90,PLC3,PLC3_J256,74.854256,modbus_poll,response,md,1779946609.912873
90,PLC3,PLC3_J289,29.707067,modbus_poll,response,md,1779946609.912873
90,PLC3,PLC3_J300,29.746393,modbus_poll,response,md,1779946609.912873
90,PLC3,PLC3_J415,88.589241,modbus_poll,response,md,1779946609.912873
90,PLC3,PLC3_J422,31.435244,modbus_poll,response,md,1779946609.912873
90,PLC3,PLC3_PU4F,0.000000,modbus_poll,response,md,1779946609.912873
90,PLC3,PLC3_PU5F,0.000000,modbus_poll,response,md,1779946609.912873
90,PLC3,PLC3_PU6F,0.000000,modbus_poll,response,md,1779946609.912873
90,PLC3,PLC3_PU7F,49.199886,modbus_poll,response,md,1779946609.912873
90,PLC3,PLC3_T2,3.657369,modbus_poll,response,md,1779946609.912873
90,PLC3,PLC3_V2F,90.567421,modbus_poll,response,md,1779946609.912873
90,PLC4,PLC4_T3,4.752308,modbus_poll,response,md,1779946609.912873
90,PLC4,PLC4_T4,3.725087,modbus_poll,response,md,1779946609.912873
90,PLC5,PLC5_J302,31.716570,modbus_poll,response,md,1779946609.912873
90,PLC5,PLC5_J306,63.140484,modbus_poll,response,md,1779946609.912873
90,PLC5,PLC5_J307,31.716570,modbus_poll,response,md,1779946609.912873
90,PLC5,PLC5_J317,58.201332,modbus_poll,response,md,1779946609.912873
90,PLC5,PLC5_PU10F,0.000000,modbus_poll,response,md,1779946609.912873
90,PLC5,PLC5_PU11F,0.000000,modbus_poll,response,md,1779946609.912873
90,PLC5,PLC5_PU8F,0.000000,modbus_poll,response,md,1779946609.912873
90,PLC7,PLC7_T5,2.937863,modbus_poll,response,md,1779946609.912873
90,PLC8,PLC8_T6,4.795073,modbus_poll,response,md,1779946609.912873
90,PLC9,PLC9_T7,2.116211,modbus_poll,response,md,1779946609.912873
91,PLC1,PLC1_J269,36.234081,modbus_poll,response,md,1779946610.257464
91,PLC1,PLC1_J280,2.976467,modbus_poll,response,md,1779946610.257464
91,PLC1,PLC1_PU1F,93.913315,modbus_poll,response,md,1779946610.257464
91,PLC1,PLC1_PU2F,93.931534,modbus_poll,response,md,1779946610.257464
91,PLC2,PLC2_T1,3.552976,modbus_poll,response,md,1779946610.257464
91,PLC3,PLC3_J14,32.366554,modbus_poll,response,md,1779946610.257464
91,PLC3,PLC3_J256,74.831711,modbus_poll,response,md,1779946610.257464
91,PLC3,PLC3_J289,29.739035,modbus_poll,response,md,1779946610.257464
91,PLC3,PLC3_J300,29.778347,modbus_poll,response,md,1779946610.257464
91,PLC3,PLC3_J415,88.636574,modbus_poll,response,md,1779946610.257464
91,PLC3,PLC3_J422,31.466553,modbus_poll,response,md,1779946610.257464
91,PLC3,PLC3_PU4F,0.000000,modbus_poll,response,md,1779946610.257464
91,PLC3,PLC3_PU5F,0.000000,modbus_poll,response,md,1779946610.257464
91,PLC3,PLC3_PU6F,0.000000,modbus_poll,response,md,1779946610.257464
91,PLC3,PLC3_PU7F,49.191811,modbus_poll,response,md,1779946610.257464
91,PLC3,PLC3_T2,3.693962,modbus_poll,response,md,1779946610.257464
91,PLC3,PLC3_V2F,90.476662,modbus_poll,response,md,1779946610.257464
91,PLC4,PLC4_T3,4.729758,modbus_poll,response,md,1779946610.257464
91,PLC4,PLC4_T4,3.779051,modbus_poll,response,md,1779946610.257464
91,PLC5,PLC5_J302,31.735888,modbus_poll,response,md,1779946610.257464
91,PLC5,PLC5_J306,63.094440,modbus_poll,response,md,1779946610.257464
91,PLC5,PLC5_J307,31.735888,modbus_poll,response,md,1779946610.257464
91,PLC5,PLC5_J317,58.120556,modbus_poll,response,md,1779946610.257464
91,PLC5,PLC5_PU10F,0.000000,modbus_poll,response,md,1779946610.257464
91,PLC5,PLC5_PU11F,0.000000,modbus_poll,response,md,1779946610.257464
91,PLC5,PLC5_PU8F,0.000000,modbus_poll,response,md,1779946610.257464
91,PLC7,PLC7_T5,2.891818,modbus_poll,response,md,1779946610.257464
91,PLC8,PLC8_T6,4.768655,modbus_poll,response,md,1779946610.257464
91,PLC9,PLC9_T7,2.021740,modbus_poll,response,md,1779946610.257464
92,PLC1,PLC1_J269,36.246624,modbus_poll,response,md,1779946610.599576
92,PLC1,PLC1_J280,2.976478,modbus_poll,response,md,1779946610.599576
92,PLC1,PLC1_PU1F,93.889717,modbus_poll,response,md,1779946610.599576
92,PLC1,PLC1_PU2F,93.907921,modbus_poll,response,md,1779946610.599576
92,PLC2,PLC2_T1,3.571108,modbus_poll,response,md,1779946610.599576
92,PLC3,PLC3_J14,32.397816,modbus_poll,response,md,1779946610.599576
92,PLC3,PLC3_J256,74.809158,modbus_poll,response,md,1779946610.599576
92,PLC3,PLC3_J289,29.770954,modbus_poll,response,md,1779946610.599576
92,PLC3,PLC3_J300,29.810255,modbus_poll,response,md,1779946610.599576
92,PLC3,PLC3_J415,88.683853,modbus_poll,response,md,1779946610.599576
92,PLC3,PLC3_J422,31.497816,modbus_poll,response,md,1779946610.599576
92,PLC3,PLC3_PU4F,0.000000,modbus_poll,response,md,1779946610.599576
92,PLC3,PLC3_PU5F,0.000000,modbus_poll,response,md,1779946610.599576
92,PLC3,PLC3_PU6F,0.000000,modbus_poll,response,md,1779946610.599576
92,PLC3,PLC3_PU7F,49.183735,modbus_poll,response,md,1779946610.599576
92,PLC3,PLC3_T2,3.730482,modbus_poll,response,md,1779946610.599576
92,PLC3,PLC3_V2F,90.386223,modbus_poll,response,md,1779946610.599576
92,PLC4,PLC4_T3,4.707207,modbus_poll,response,md,1779946610.599576
92,PLC4,PLC4_T4,3.832993,modbus_poll,response,md,1779946610.599576
92,PLC5,PLC5_J302,31.755215,modbus_poll,response,md,1779946610.599576
92,PLC5,PLC5_J306,63.048393,modbus_poll,response,md,1779946610.599576
92,PLC5,PLC5_J307,31.755215,modbus_poll,response,md,1779946610.599576
92,PLC5,PLC5_J317,58.039818,modbus_poll,response,md,1779946610.599576
92,PLC5,PLC5_PU10F,0.000000,modbus_poll,response,md,1779946610.599576
92,PLC5,PLC5_PU11F,0.000000,modbus_poll,response,md,1779946610.599576
92,PLC5,PLC5_PU8F,0.000000,modbus_poll,response,md,1779946610.599576
92,PLC7,PLC7_T5,2.845773,modbus_poll,response,md,1779946610.599576
92,PLC8,PLC8_T6,4.742065,modbus_poll,response,md,1779946610.599576
92,PLC9,PLC9_T7,1.927505,modbus_poll,response,md,1779946610.599576
93,PLC1,PLC1_J269,36.259163,modbus_poll,response,md,1779946610.940071
93,PLC1,PLC1_J280,2.976489,modbus_poll,response,md,1779946610.940071
93,PLC1,PLC1_PU1F,93.866112,modbus_poll,response,md,1779946610.940071
93,PLC1,PLC1_PU2F,93.884308,modbus_poll,response,md,1779946610.940071
93,PLC2,PLC2_T1,3.589257,modbus_poll,response,md,1779946610.940071
93,PLC3,PLC3_J14,32.429039,modbus_poll,response,md,1779946610.940071
93,PLC3,PLC3_J256,74.786613,modbus_poll,response,md,1779946610.940071
93,PLC3,PLC3_J289,29.802830,modbus_poll,response,md,1779946610.940071
93,PLC3,PLC3_J300,29.842119,modbus_poll,response,md,1779946610.940071
93,PLC3,PLC3_J415,88.731178,modbus_poll,response,md,1779946610.940071
93,PLC3,PLC3_J422,31.529037,modbus_poll,response,md,1779946610.940071
93,PLC3,PLC3_PU4F,0.000000,modbus_poll,response,md,1779946610.940071
93,PLC3,PLC3_PU5F,0.000000,modbus_poll,response,md,1779946610.940071
93,PLC3,PLC3_PU6F,0.000000,modbus_poll,response,md,1779946610.940071
93,PLC3,PLC3_PU7F,49.175613,modbus_poll,response,md,1779946610.940071
93,PLC3,PLC3_T2,3.766929,modbus_poll,response,md,1779946610.940071
93,PLC3,PLC3_V2F,90.296082,modbus_poll,response,md,1779946610.940071
93,PLC4,PLC4_T3,4.684657,modbus_poll,response,md,1779946610.940071
93,PLC4,PLC4_T4,3.886911,modbus_poll,response,md,1779946610.940071
93,PLC5,PLC5_J302,31.774549,modbus_poll,response,md,1779946610.940071
93,PLC5,PLC5_J306,63.002350,modbus_poll,response,md,1779946610.940071
93,PLC5,PLC5_J307,31.774549,modbus_poll,response,md,1779946610.940071
93,PLC5,PLC5_J317,57.959122,modbus_poll,response,md,1779946610.940071
93,PLC5,PLC5_PU10F,0.000000,modbus_poll,response,md,1779946610.940071
93,PLC5,PLC5_PU11F,0.000000,modbus_poll,response,md,1779946610.940071
93,PLC5,PLC5_PU8F,0.000000,modbus_poll,response,md,1779946610.940071
93,PLC7,PLC7_T5,2.799729,modbus_poll,response,md,1779946610.940071
93,PLC8,PLC8_T6,4.715303,modbus_poll,response,md,1779946610.940071
93,PLC9,PLC9_T7,1.833503,modbus_poll,response,md,1779946610.940071
94,PLC1,PLC1_J269,36.271709,modbus_poll,response,md,1779946611.280018
94,PLC1,PLC1_J280,2.976500,modbus_poll,response,md,1779946611.280018
94,PLC1,PLC1_PU1F,93.842491,modbus_poll,response,md,1779946611.280018
94,PLC1,PLC1_PU2F,93.860687,modbus_poll,response,md,1779946611.280018
94,PLC2,PLC2_T1,3.607422,modbus_poll,response,md,1779946611.280018
94,PLC3,PLC3_J14,32.460213,modbus_poll,response,md,1779946611.280018
94,PLC3,PLC3_J256,74.764061,modbus_poll,response,md,1779946611.280018
94,PLC3,PLC3_J289,29.834656,modbus_poll,response,md,1779946611.280018
94,PLC3,PLC3_J300,29.873934,modbus_poll,response,md,1779946611.280018
94,PLC3,PLC3_J415,88.778404,modbus_poll,response,md,1779946611.280018
94,PLC3,PLC3_J422,31.560213,modbus_poll,response,md,1779946611.280018
94,PLC3,PLC3_PU4F,0.000000,modbus_poll,response,md,1779946611.280018
94,PLC3,PLC3_PU5F,0.000000,modbus_poll,response,md,1779946611.280018
94,PLC3,PLC3_PU6F,0.000000,modbus_poll,response,md,1779946611.280018
94,PLC3,PLC3_PU7F,49.167511,modbus_poll,response,md,1779946611.280018
94,PLC3,PLC3_T2,3.803303,modbus_poll,response,md,1779946611.280018
94,PLC3,PLC3_V2F,90.206261,modbus_poll,response,md,1779946611.280018
94,PLC4,PLC4_T3,4.662106,modbus_poll,response,md,1779946611.280018
94,PLC4,PLC4_T4,3.940806,modbus_poll,response,md,1779946611.280018
94,PLC5,PLC5_J302,31.793894,modbus_poll,response,md,1779946611.280018
94,PLC5,PLC5_J306,62.956306,modbus_poll,response,md,1779946611.280018
94,PLC5,PLC5_J307,31.793894,modbus_poll,response,md,1779946611.280018
94,PLC5,PLC5_J317,57.878468,modbus_poll,response,md,1779946611.280018
94,PLC5,PLC5_PU10F,0.000000,modbus_poll,response,md,1779946611.280018
94,PLC5,PLC5_PU11F,0.000000,modbus_poll,response,md,1779946611.280018
94,PLC5,PLC5_PU8F,0.000000,modbus_poll,response,md,1779946611.280018
94,PLC7,PLC7_T5,2.753685,modbus_poll,response,md,1779946611.280018
94,PLC8,PLC8_T6,4.688373,modbus_poll,response,md,1779946611.280018
94,PLC9,PLC9_T7,1.739732,modbus_poll,response,md,1779946611.280018
95,PLC1,PLC1_J269,36.284260,modbus_poll,response,md,1779946611.627361
95,PLC1,PLC1_J280,2.976511,modbus_poll,response,md,1779946611.627361
95,PLC1,PLC1_PU1F,93.818871,modbus_poll,response,md,1779946611.627361
95,PLC1,PLC1_PU2F,93.837059,modbus_poll,response,md,1779946611.627361
95,PLC2,PLC2_T1,3.625604,modbus_poll,response,md,1779946611.627361
95,PLC3,PLC3_J14,32.491348,modbus_poll,response,md,1779946611.627361
95,PLC3,PLC3_J256,74.741508,modbus_poll,response,md,1779946611.627361
95,PLC3,PLC3_J289,29.866438,modbus_poll,response,md,1779946611.627361
95,PLC3,PLC3_J300,29.905703,modbus_poll,response,md,1779946611.627361
95,PLC3,PLC3_J415,88.825630,modbus_poll,response,md,1779946611.627361
95,PLC3,PLC3_J422,31.591345,modbus_poll,response,md,1779946611.627361
95,PLC3,PLC3_PU4F,0.000000,modbus_poll,response,md,1779946611.627361
95,PLC3,PLC3_PU5F,0.000000,modbus_poll,response,md,1779946611.627361
95,PLC3,PLC3_PU6F,0.000000,modbus_poll,response,md,1779946611.627361
95,PLC3,PLC3_PU7F,49.159389,modbus_poll,response,md,1779946611.627361
95,PLC3,PLC3_T2,3.839606,modbus_poll,response,md,1779946611.627361
95,PLC3,PLC3_V2F,90.116737,modbus_poll,response,md,1779946611.627361
95,PLC4,PLC4_T3,4.639555,modbus_poll,response,md,1779946611.627361
95,PLC4,PLC4_T4,3.994679,modbus_poll,response,md,1779946611.627361
95,PLC5,PLC5_J302,31.813248,modbus_poll,response,md,1779946611.627361
95,PLC5,PLC5_J306,62.910263,modbus_poll,response,md,1779946611.627361
95,PLC5,PLC5_J307,31.813248,modbus_poll,response,md,1779946611.627361
95,PLC5,PLC5_J317,57.797855,modbus_poll,response,md,1779946611.627361
95,PLC5,PLC5_PU10F,0.000000,modbus_poll,response,md,1779946611.627361
95,PLC5,PLC5_PU11F,0.000000,modbus_poll,response,md,1779946611.627361
95,PLC5,PLC5_PU8F,0.000000,modbus_poll,response,md,1779946611.627361
95,PLC7,PLC7_T5,2.707640,modbus_poll,response,md,1779946611.627361
95,PLC8,PLC8_T6,4.661274,modbus_poll,response,md,1779946611.627361
95,PLC9,PLC9_T7,1.646189,modbus_poll,response,md,1779946611.627361
96,PLC1,PLC1_J269,36.296810,modbus_poll,response,md,1779946611.973375
96,PLC1,PLC1_J280,2.976522,modbus_poll,response,md,1779946611.973375
96,PLC1,PLC1_PU1F,93.795242,modbus_poll,response,md,1779946611.973375
96,PLC1,PLC1_PU2F,93.813423,modbus_poll,response,md,1779946611.973375
96,PLC2,PLC2_T1,3.643802,modbus_poll,response,md,1779946611.973375
96,PLC3,PLC3_J14,32.522434,modbus_poll,response,md,1779946611.973375
96,PLC3,PLC3_J256,74.718964,modbus_poll,response,md,1779946611.973375
96,PLC3,PLC3_J289,29.898172,modbus_poll,response,md,1779946611.973375
96,PLC3,PLC3_J300,29.937426,modbus_poll,response,md,1779946611.973375
96,PLC3,PLC3_J415,88.872803,modbus_poll,response,md,1779946611.973375
96,PLC3,PLC3_J422,31.622433,modbus_poll,response,md,1779946611.973375
96,PLC3,PLC3_PU4F,0.000000,modbus_poll,response,md,1779946611.973375
96,PLC3,PLC3_PU5F,0.000000,modbus_poll,response,md,1779946611.973375
96,PLC3,PLC3_PU6F,0.000000,modbus_poll,response,md,1779946611.973375
96,PLC3,PLC3_PU7F,49.151260,modbus_poll,response,md,1779946611.973375
96,PLC3,PLC3_T2,3.875836,modbus_poll,response,md,1779946611.973375
96,PLC3,PLC3_V2F,90.027534,modbus_poll,response,md,1779946611.973375
96,PLC4,PLC4_T3,4.617005,modbus_poll,response,md,1779946611.973375
96,PLC4,PLC4_T4,4.048529,modbus_poll,response,md,1779946611.973375
96,PLC5,PLC5_J302,31.832607,modbus_poll,response,md,1779946611.973375
96,PLC5,PLC5_J306,62.864220,modbus_poll,response,md,1779946611.973375
96,PLC5,PLC5_J307,31.832607,modbus_poll,response,md,1779946611.973375
96,PLC5,PLC5_J317,57.717289,modbus_poll,response,md,1779946611.973375
96,PLC5,PLC5_PU10F,0.000000,modbus_poll,response,md,1779946611.973375
96,PLC5,PLC5_PU11F,0.000000,modbus_poll,response,md,1779946611.973375
96,PLC5,PLC5_PU8F,0.000000,modbus_poll,response,md,1779946611.973375
96,PLC7,PLC7_T5,2.661596,modbus_poll,response,md,1779946611.973375
96,PLC8,PLC8_T6,4.634008,modbus_poll,response,md,1779946611.973375
96,PLC9,PLC9_T7,1.552873,modbus_poll,response,md,1779946611.973375
97,PLC1,PLC1_J269,36.309361,modbus_poll,response,md,1779946612.319260
97,PLC1,PLC1_J280,2.976533,modbus_poll,response,md,1779946612.319260
97,PLC1,PLC1_PU1F,93.771614,modbus_poll,response,md,1779946612.319260
97,PLC1,PLC1_PU2F,93.789787,modbus_poll,response,md,1779946612.319260
97,PLC2,PLC2_T1,3.662017,modbus_poll,response,md,1779946612.319260
97,PLC3,PLC3_J14,32.553478,modbus_poll,response,md,1779946612.319260
97,PLC3,PLC3_J256,74.696404,modbus_poll,response,md,1779946612.319260
97,PLC3,PLC3_J289,29.929861,modbus_poll,response,md,1779946612.319260
97,PLC3,PLC3_J300,29.969101,modbus_poll,response,md,1779946612.319260
97,PLC3,PLC3_J415,88.919968,modbus_poll,response,md,1779946612.319260
97,PLC3,PLC3_J422,31.653479,modbus_poll,response,md,1779946612.319260
97,PLC3,PLC3_PU4F,0.000000,modbus_poll,response,md,1779946612.319260
97,PLC3,PLC3_PU5F,0.000000,modbus_poll,response,md,1779946612.319260
97,PLC3,PLC3_PU6F,0.000000,modbus_poll,response,md,1779946612.319260
97,PLC3,PLC3_PU7F,49.143116,modbus_poll,response,md,1779946612.319260
97,PLC3,PLC3_T2,3.911994,modbus_poll,response,md,1779946612.319260
97,PLC3,PLC3_V2F,89.938629,modbus_poll,response,md,1779946612.319260
97,PLC4,PLC4_T3,4.594454,modbus_poll,response,md,1779946612.319260
97,PLC4,PLC4_T4,4.102355,modbus_poll,response,md,1779946612.319260
97,PLC5,PLC5_J302,31.851978,modbus_poll,response,md,1779946612.319260
97,PLC5,PLC5_J306,62.818172,modbus_poll,response,md,1779946612.319260
97,PLC5,PLC5_J307,31.851978,modbus_poll,response,md,1779946612.319260
97,PLC5,PLC5_J317,57.636772,modbus_poll,response,md,1779946612.319260
97,PLC5,PLC5_PU10F,0.000000,modbus_poll,response,md,1779946612.319260
97,PLC5,PLC5_PU11F,0.000000,modbus_poll,response,md,1779946612.319260
97,PLC5,PLC5_PU8F,0.000000,modbus_poll,response,md,1779946612.319260
97,PLC7,PLC7_T5,2.615551,modbus_poll,response,md,1779946612.319260
97,PLC8,PLC8_T6,4.606578,modbus_poll,response,md,1779946612.319260
97,PLC9,PLC9_T7,1.459781,modbus_poll,response,md,1779946612.319260
98,PLC1,PLC1_J269,35.777767,modbus_poll,response,md,1779946612.658891
98,PLC1,PLC1_J280,2.976068,modbus_poll,response,md,1779946612.658891
98,PLC1,PLC1_PU1F,94.770638,modbus_poll,response,md,1779946612.658891
98,PLC1,PLC1_PU2F,94.789101,modbus_poll,response,md,1779946612.658891
98,PLC2,PLC2_T1,3.680248,modbus_poll,response,md,1779946612.658891
98,PLC3,PLC3_J14,32.331100,modbus_poll,response,md,1779946612.658891
98,PLC3,PLC3_J256,73.650436,modbus_poll,response,md,1779946612.658891
98,PLC3,PLC3_J289,29.731703,modbus_poll,response,md,1779946612.658891
98,PLC3,PLC3_J300,29.771284,modbus_poll,response,md,1779946612.658891
98,PLC3,PLC3_J415,88.283363,modbus_poll,response,md,1779946612.658891
98,PLC3,PLC3_J422,31.431099,modbus_poll,response,md,1779946612.658891
98,PLC3,PLC3_PU4F,0.000000,modbus_poll,response,md,1779946612.658891
98,PLC3,PLC3_PU5F,0.000000,modbus_poll,response,md,1779946612.658891
98,PLC3,PLC3_PU6F,0.000000,modbus_poll,response,md,1779946612.658891
98,PLC3,PLC3_PU7F,49.373081,modbus_poll,response,md,1779946612.658891
98,PLC3,PLC3_T2,3.948082,modbus_poll,response,md,1779946612.658891
98,PLC3,PLC3_V2F,85.831833,modbus_poll,response,md,1779946612.658891
98,PLC4,PLC4_T3,4.571904,modbus_poll,response,md,1779946612.658891
98,PLC4,PLC4_T4,4.156159,modbus_poll,response,md,1779946612.658891
98,PLC5,PLC5_J302,28.538792,modbus_poll,response,md,1779946612.658891
98,PLC5,PLC5_J306,62.244377,modbus_poll,response,md,1779946612.658891
98,PLC5,PLC5_J307,28.412775,modbus_poll,response,md,1779946612.658891
98,PLC5,PLC5_J317,68.628510,modbus_poll,response,md,1779946612.658891
98,PLC5,PLC5_PU10F,32.853230,modbus_poll,response,md,1779946612.658891
98,PLC5,PLC5_PU11F,0.000000,modbus_poll,response,md,1779946612.658891
98,PLC5,PLC5_PU8F,0.000000,modbus_poll,response,md,1779946612.658891
98,PLC7,PLC7_T5,2.569507,modbus_poll,response,md,1779946612.658891
98,PLC8,PLC8_T6,4.578985,modbus_poll,response,md,1779946612.658891
98,PLC9,PLC9_T7,1.366912,modbus_poll,response,md,1779946612.658891
99,PLC1,PLC1_J269,35.782795,modbus_poll,response,md,1779946613.004779
99,PLC1,PLC1_J280,2.976072,modbus_poll,response,md,1779946613.004779
99,PLC1,PLC1_PU1F,94.761200,modbus_poll,response,md,1779946613.004779
99,PLC1,PLC1_PU2F,94.779663,modbus_poll,response,md,1779946613.004779
99,PLC2,PLC2_T1,3.684746,modbus_poll,response,md,1779946613.004779
99,PLC3,PLC3_J14,32.355717,modbus_poll,response,md,1779946613.004779
99,PLC3,PLC3_J256,73.623756,modbus_poll,response,md,1779946613.004779
99,PLC3,PLC3_J289,29.757252,modbus_poll,response,md,1779946613.004779
99,PLC3,PLC3_J300,29.796822,modbus_poll,response,md,1779946613.004779
99,PLC3,PLC3_J415,88.322685,modbus_poll,response,md,1779946613.004779
99,PLC3,PLC3_J422,31.455715,modbus_poll,response,md,1779946613.004779
99,PLC3,PLC3_PU4F,0.000000,modbus_poll,response,md,1779946613.004779
99,PLC3,PLC3_PU5F,0.000000,modbus_poll,response,md,1779946613.004779
99,PLC3,PLC3_PU6F,0.000000,modbus_poll,response,md,1779946613.004779
99,PLC3,PLC3_PU7F,49.365887,modbus_poll,response,md,1779946613.004779
99,PLC3,PLC3_T2,3.980333,modbus_poll,response,md,1779946613.004779
99,PLC3,PLC3_V2F,85.692024,modbus_poll,response,md,1779946613.004779
99,PLC4,PLC4_T3,4.545219,modbus_poll,response,md,1779946613.004779
99,PLC4,PLC4_T4,4.201169,modbus_poll,response,md,1779946613.004779
99,PLC5,PLC5_J302,28.545462,modbus_poll,response,md,1779946613.004779
99,PLC5,PLC5_J306,62.190659,modbus_poll,response,md,1779946613.004779
99,PLC5,PLC5_J307,28.419481,modbus_poll,response,md,1779946613.004779
99,PLC5,PLC5_J317,68.652252,modbus_poll,response,md,1779946613.004779
99,PLC5,PLC5_PU10F,32.847435,modbus_poll,response,md,1779946613.004779
99,PLC5,PLC5_PU11F,0.000000,modbus_poll,response,md,1779946613.004779
99,PLC5,PLC5_PU8F,0.000000,modbus_poll,response,md,1779946613.004779
99,PLC7,PLC7_T5,2.515789,modbus_poll,response,md,1779946613.004779
99,PLC8,PLC8_T6,4.601478,modbus_poll,response,md,1779946613.004779
99,PLC9,PLC9_T7,1.412040,modbus_poll,response,md,1779946613.004779
